PATTERN,SUGGESTED-PART,COUNT,EXAMPLES,PIECE-DIRS,COMMENTS
1812-Tchaik-10-29-CELLO-1,VC-1,2,2023-3-Fall/1812 Overture/1812-NEW-PARTS-10-29/1812-Tchaik-10-29-CELLO-1.pdf | 2025-3-Fall/ALPHA_ 2025 Fall SRYSO/1812 Overture/1812-NEW-PARTS-10-29/1812-Tchaik-10-29-CELLO-1.pdf,2023-3-Fall/1812 Overture | 2025-3-Fall/ALPHA_ 2025 Fall SRYSO/1812 Overture,
1812-Tchaik-10-29-CELLO-2,VC-2,2,2023-3-Fall/1812 Overture/1812-NEW-PARTS-10-29/1812-Tchaik-10-29-CELLO-2.pdf | 2025-3-Fall/ALPHA_ 2025 Fall SRYSO/1812 Overture/1812-NEW-PARTS-10-29/1812-Tchaik-10-29-CELLO-2.pdf,2023-3-Fall/1812 Overture | 2025-3-Fall/ALPHA_ 2025 Fall SRYSO/1812 Overture,
1812-Tchaik-10-29-SCORE,SCORE,2,2023-3-Fall/1812 Overture/1812-NEW-PARTS-10-29/1812-Tchaik-10-29-SCORE.pdf | 2025-3-Fall/ALPHA_ 2025 Fall SRYSO/1812 Overture/1812-NEW-PARTS-10-29/1812-Tchaik-10-29-SCORE.pdf,2023-3-Fall/1812 Overture | 2025-3-Fall/ALPHA_ 2025 Fall SRYSO/1812 Overture,
1812-Tchaik-10-29-VIOLA,VA,1,2023-3-Fall/1812 Overture/1812-NEW-PARTS-10-29/1812-Tchaik-10-29-VIOLA.pdf,2023-3-Fall/1812 Overture,
1812-Tchaik-10-29-VIOLIN-1,VN-1,2,2023-3-Fall/1812 Overture/1812-NEW-PARTS-10-29/1812-Tchaik-10-29-VIOLIN-1.pdf | 2025-3-Fall/ALPHA_ 2025 Fall SRYSO/1812 Overture/1812-NEW-PARTS-10-29/1812-Tchaik-10-29-VIOLIN-1.pdf,2023-3-Fall/1812 Overture | 2025-3-Fall/ALPHA_ 2025 Fall SRYSO/1812 Overture,
1812-Tchaik-10-29-VIOLIN-2,VN-2,1,2023-3-Fall/1812 Overture/1812-NEW-PARTS-10-29/1812-Tchaik-10-29-VIOLIN-2.pdf,2023-3-Fall/1812 Overture,
1812-Tchaik-10-29-VIOLIN-3,VN-3,1,2025-3-Fall/ALPHA_ 2025 Fall SRYSO/1812 Overture/1812-NEW-PARTS-10-29/1812-Tchaik-10-29-VIOLIN-3.pdf,2025-3-Fall/ALPHA_ 2025 Fall SRYSO/1812 Overture,
2025-04-02-math,,1,2025-1-Winter/Queen-of-Night-Mozart/Mila_s Work/2025-04-02_math.pdf,2025-1-Winter/Queen-of-Night-Mozart,
Air-G-String-Rev-1,,1,2024-2-Spring/Bach - Air on the G String/Air-G-String-Rev-1.pdf,2024-2-Spring/Bach - Air on the G String,
Air-G-String-Rev-1-Cello-1,VC-1,1,2024-2-Spring/Bach - Air on the G String/Air-G-String-Rev-1-Cello-1.pdf,2024-2-Spring/Bach - Air on the G String,
Air-G-String-Rev-1-Cello-2,VC-2,1,2024-2-Spring/Bach - Air on the G String/Air-G-String-Rev-1-Cello-2.pdf,2024-2-Spring/Bach - Air on the G String,
Air-G-String-Rev-1-Viola,VA,1,2024-2-Spring/Bach - Air on the G String/Air-G-String-Rev-1-Viola.pdf,2024-2-Spring/Bach - Air on the G String,
Air-G-String-Rev-1-Violin-1,VN-1,1,2024-2-Spring/Bach - Air on the G String/Air-G-String-Rev-1-Violin-1.pdf,2024-2-Spring/Bach - Air on the G String,
Air-G-String-Rev-1-Violin-2,VN-2,1,2024-2-Spring/Bach - Air on the G String/Air-G-String-Rev-1-Violin-2.pdf,2024-2-Spring/Bach - Air on the G String,
Bartok-Romanian-Dances-CELLO,VC,1,2026-1-Winter/OMEGA_ 2026 Winter SRYSO/Bartok-Romanian-Dances/BARTOK-VERSION-1/Bartok-Romanian-Dances-CELLO.pdf,2026-1-Winter/OMEGA_ 2026 Winter SRYSO/Bartok-Romanian-Dances,
Bartok-Romanian-Dances-SCORE,SCORE,1,2026-1-Winter/OMEGA_ 2026 Winter SRYSO/Bartok-Romanian-Dances/BARTOK-VERSION-1/Bartok-Romanian-Dances-SCORE.pdf,2026-1-Winter/OMEGA_ 2026 Winter SRYSO/Bartok-Romanian-Dances,
Bartok-Romanian-Dances-Ver-2-SCORE,SCORE,1,2026-1-Winter/OMEGA_ 2026 Winter SRYSO/Bartok-Romanian-Dances/BARTOK-VERSION-2/Bartok-Romanian-Dances-Ver-2-SCORE.pdf,2026-1-Winter/OMEGA_ 2026 Winter SRYSO/Bartok-Romanian-Dances,
Bartok-Romanian-Dances-Ver-2-VIOLA,VA,1,2026-1-Winter/OMEGA_ 2026 Winter SRYSO/Bartok-Romanian-Dances/BARTOK-VERSION-2/Bartok-Romanian-Dances-Ver-2-VIOLA.pdf,2026-1-Winter/OMEGA_ 2026 Winter SRYSO/Bartok-Romanian-Dances,
Bartok-Romanian-Dances-Ver-2-VIOLIN-2,VN-2,1,2026-1-Winter/OMEGA_ 2026 Winter SRYSO/Bartok-Romanian-Dances/BARTOK-VERSION-2/Bartok-Romanian-Dances-Ver-2-VIOLIN-2.pdf,2026-1-Winter/OMEGA_ 2026 Winter SRYSO/Bartok-Romanian-Dances,
Bartok-Romanian-Dances-Ver-2-VIOLIN-SOLO,,1,2026-1-Winter/OMEGA_ 2026 Winter SRYSO/Bartok-Romanian-Dances/BARTOK-VERSION-2/Bartok-Romanian-Dances-Ver-2-VIOLIN-SOLO.pdf,2026-1-Winter/OMEGA_ 2026 Winter SRYSO/Bartok-Romanian-Dances,
Bartok-Romanian-Dances-VIOLA,VA,1,2026-1-Winter/OMEGA_ 2026 Winter SRYSO/Bartok-Romanian-Dances/BARTOK-VERSION-1/Bartok-Romanian-Dances-VIOLA.pdf,2026-1-Winter/OMEGA_ 2026 Winter SRYSO/Bartok-Romanian-Dances,
Bartok-Romanian-Dances-VIOLIN-1,VN-1,1,2026-1-Winter/OMEGA_ 2026 Winter SRYSO/Bartok-Romanian-Dances/BARTOK-VERSION-1/Bartok-Romanian-Dances-VIOLIN-1.pdf,2026-1-Winter/OMEGA_ 2026 Winter SRYSO/Bartok-Romanian-Dances,
Bartok-Romanian-Dances-VIOLIN-SOLO,,1,2026-1-Winter/OMEGA_ 2026 Winter SRYSO/Bartok-Romanian-Dances/BARTOK-VERSION-1/Bartok-Romanian-Dances-VIOLIN-SOLO.pdf,2026-1-Winter/OMEGA_ 2026 Winter SRYSO/Bartok-Romanian-Dances,
Brandenburg-3-[ver-1]-CELLO,VC,2,2024-1-Winter/Brandenburg-3-Bach/Brandenburg-3-[ver-1]-CELLO.pdf | 2025-3-Fall/ALPHA_ 2025 Fall SRYSO/Brandenburg-3-Bach/Brandenburg-3-[ver-1]-CELLO.pdf,2024-1-Winter/Brandenburg-3-Bach | 2025-3-Fall/ALPHA_ 2025 Fall SRYSO/Brandenburg-3-Bach,
Brandenburg-3-[ver-1]-PIANO,PF,2,2024-1-Winter/Brandenburg-3-Bach/Brandenburg-3-[ver-1]-PIANO.pdf | 2025-3-Fall/ALPHA_ 2025 Fall SRYSO/Brandenburg-3-Bach/Brandenburg-3-[ver-1]-PIANO.pdf,2024-1-Winter/Brandenburg-3-Bach | 2025-3-Fall/ALPHA_ 2025 Fall SRYSO/Brandenburg-3-Bach,
Brandenburg-3-[ver-1]-SCORE,SCORE,2,2024-1-Winter/Brandenburg-3-Bach/Brandenburg-3-[ver-1]-SCORE.pdf | 2025-3-Fall/ALPHA_ 2025 Fall SRYSO/Brandenburg-3-Bach/Brandenburg-3-[ver-1]-SCORE.pdf,2024-1-Winter/Brandenburg-3-Bach | 2025-3-Fall/ALPHA_ 2025 Fall SRYSO/Brandenburg-3-Bach,
Brandenburg-3-[ver-1]-VIOLA,VA,2,2024-1-Winter/Brandenburg-3-Bach/Brandenburg-3-[ver-1]-VIOLA.pdf | 2025-3-Fall/ALPHA_ 2025 Fall SRYSO/Brandenburg-3-Bach/Brandenburg-3-[ver-1]-VIOLA.pdf,2024-1-Winter/Brandenburg-3-Bach | 2025-3-Fall/ALPHA_ 2025 Fall SRYSO/Brandenburg-3-Bach,
Brandenburg-3-[ver-1]-VIOLIN-1,VN-1,2,2024-1-Winter/Brandenburg-3-Bach/Brandenburg-3-[ver-1]-VIOLIN-1.pdf | 2025-3-Fall/ALPHA_ 2025 Fall SRYSO/Brandenburg-3-Bach/Brandenburg-3-[ver-1]-VIOLIN-1.pdf,2024-1-Winter/Brandenburg-3-Bach | 2025-3-Fall/ALPHA_ 2025 Fall SRYSO/Brandenburg-3-Bach,
Brandenburg-3-[ver-1]-VIOLIN-2,VN-2,1,2025-3-Fall/ALPHA_ 2025 Fall SRYSO/Brandenburg-3-Bach/Brandenburg-3-[ver-1]-VIOLIN-2.pdf,2025-3-Fall/ALPHA_ 2025 Fall SRYSO/Brandenburg-3-Bach,
Brandenburg-3-Bass,DB,2,2024-1-Winter/Brandenburg-3-Bach/ORIG-PARTS-&-XML-FILES/Brandenburg-3-Bass.pdf | 2025-3-Fall/ALPHA_ 2025 Fall SRYSO/Brandenburg-3-Bach/ORIG-PARTS-&-XML-FILES/Brandenburg-3-Bass.pdf,2024-1-Winter/Brandenburg-3-Bach | 2025-3-Fall/ALPHA_ 2025 Fall SRYSO/Brandenburg-3-Bach,
Brandenburg-3-Cello,VC,2,2024-1-Winter/Brandenburg-3-Bach/ORIG-PARTS-&-XML-FILES/Brandenburg-3-Cello.pdf | 2025-3-Fall/ALPHA_ 2025 Fall SRYSO/Brandenburg-3-Bach/ORIG-PARTS-&-XML-FILES/Brandenburg-3-Cello.pdf,2024-1-Winter/Brandenburg-3-Bach | 2025-3-Fall/ALPHA_ 2025 Fall SRYSO/Brandenburg-3-Bach,
Brandenburg-3-Mvt-3-Rev-5-Cello,VC,1,2026-2-Spring/OMEGA_ 2026 Spring SRYSO/Brandenburg-3-Mvt-3/Brandenburg-3-Mvt-3-Rev-5-Cello.pdf,2026-2-Spring/OMEGA_ 2026 Spring SRYSO/Brandenburg-3-Mvt-3,
Brandenburg-3-Mvt-3-Rev-5-SCORE,SCORE,1,2026-2-Spring/OMEGA_ 2026 Spring SRYSO/Brandenburg-3-Mvt-3/Brandenburg-3-Mvt-3-Rev-5-SCORE.pdf,2026-2-Spring/OMEGA_ 2026 Spring SRYSO/Brandenburg-3-Mvt-3,
Brandenburg-3-Mvt-3-Rev-5-Viola-1,VA,1,2026-2-Spring/OMEGA_ 2026 Spring SRYSO/Brandenburg-3-Mvt-3/Brandenburg-3-Mvt-3-Rev-5-Viola-1.pdf,2026-2-Spring/OMEGA_ 2026 Spring SRYSO/Brandenburg-3-Mvt-3,
Brandenburg-3-Mvt-3-Rev-5-Viola-2,VA,1,2026-2-Spring/OMEGA_ 2026 Spring SRYSO/Brandenburg-3-Mvt-3/Brandenburg-3-Mvt-3-Rev-5-Viola-2.pdf,2026-2-Spring/OMEGA_ 2026 Spring SRYSO/Brandenburg-3-Mvt-3,
Brandenburg-3-Mvt-3-Rev-5-Viola-3,VA,1,2026-2-Spring/OMEGA_ 2026 Spring SRYSO/Brandenburg-3-Mvt-3/Brandenburg-3-Mvt-3-Rev-5-Viola-3.pdf,2026-2-Spring/OMEGA_ 2026 Spring SRYSO/Brandenburg-3-Mvt-3,
Brandenburg-3-Mvt-3-Rev-5-Violin-1,VN-1,1,2026-2-Spring/OMEGA_ 2026 Spring SRYSO/Brandenburg-3-Mvt-3/Brandenburg-3-Mvt-3-Rev-5-Violin-1.pdf,2026-2-Spring/OMEGA_ 2026 Spring SRYSO/Brandenburg-3-Mvt-3,
Brandenburg-3-Mvt-3-Rev-5-Violin-2,VN-2,1,2026-2-Spring/OMEGA_ 2026 Spring SRYSO/Brandenburg-3-Mvt-3/Brandenburg-3-Mvt-3-Rev-5-Violin-2.pdf,2026-2-Spring/OMEGA_ 2026 Spring SRYSO/Brandenburg-3-Mvt-3,
Brandenburg-3-Mvt-3-Rev-6-Viola-1,VA,1,2026-2-Spring/OMEGA_ 2026 Spring SRYSO/Brandenburg-3-Mvt-3/Brandenburg-3-Mvt-3-Rev-6-Viola-1.pdf,2026-2-Spring/OMEGA_ 2026 Spring SRYSO/Brandenburg-3-Mvt-3,
Brandenburg-3-Viola,VA,1,2024-1-Winter/Brandenburg-3-Bach/ORIG-PARTS-&-XML-FILES/Brandenburg-3-Viola.pdf,2024-1-Winter/Brandenburg-3-Bach,
Brandenburg-3-Violin-1,VN-1,2,2024-1-Winter/Brandenburg-3-Bach/ORIG-PARTS-&-XML-FILES/Brandenburg-3-Violin-1.pdf | 2025-3-Fall/ALPHA_ 2025 Fall SRYSO/Brandenburg-3-Bach/ORIG-PARTS-&-XML-FILES/Brandenburg-3-Violin-1.pdf,2024-1-Winter/Brandenburg-3-Bach | 2025-3-Fall/ALPHA_ 2025 Fall SRYSO/Brandenburg-3-Bach,
Brandenburg-3-Violin-2,VN-2,2,2024-1-Winter/Brandenburg-3-Bach/ORIG-PARTS-&-XML-FILES/Brandenburg-3-Violin-2.pdf | 2025-3-Fall/ALPHA_ 2025 Fall SRYSO/Brandenburg-3-Bach/ORIG-PARTS-&-XML-FILES/Brandenburg-3-Violin-2.pdf,2024-1-Winter/Brandenburg-3-Bach | 2025-3-Fall/ALPHA_ 2025 Fall SRYSO/Brandenburg-3-Bach,
Brandenburg-3-Violin-3,VN-3,2,2024-1-Winter/Brandenburg-3-Bach/ORIG-PARTS-&-XML-FILES/Brandenburg-3-Violin-3.pdf | 2025-3-Fall/ALPHA_ 2025 Fall SRYSO/Brandenburg-3-Bach/ORIG-PARTS-&-XML-FILES/Brandenburg-3-Violin-3.pdf,2024-1-Winter/Brandenburg-3-Bach | 2025-3-Fall/ALPHA_ 2025 Fall SRYSO/Brandenburg-3-Bach,
Carmen-Habanera-[ver-3]-Cello-1,VC-1,1,2024-1-Winter/Habanera-Bizet/Carmen-Habanera-[ver-3]-Cello-1.pdf,2024-1-Winter/Habanera-Bizet,
Carmen-Habanera-[ver-3]-Cello-2,VC-2,1,2024-1-Winter/Habanera-Bizet/Carmen-Habanera-[ver-3]-Cello-2.pdf,2024-1-Winter/Habanera-Bizet,
Carmen-Habanera-[ver-3]-Score,SCORE,1,2024-1-Winter/Habanera-Bizet/Carmen-Habanera-[ver-3]-Score.pdf,2024-1-Winter/Habanera-Bizet,
Carmen-Habanera-[ver-3]-Viola,VA,1,2024-1-Winter/Habanera-Bizet/Carmen-Habanera-[ver-3]-Viola.pdf,2024-1-Winter/Habanera-Bizet,
Carmen-Habanera-[ver-3]-Violin-1,VN-1,1,2024-1-Winter/Habanera-Bizet/Carmen-Habanera-[ver-3]-Violin-1.pdf,2024-1-Winter/Habanera-Bizet,
Cello-I-Mia-&-Sebastian,VC,2,2023-3-Fall/Mia & Sebastian_s Theme/Cello I Mia & Sebastian.pdf | 2025-3-Fall/ALPHA_ 2025 Fall SRYSO/Mia & Sebastian_s Theme/Cello I Mia & Sebastian.pdf,2023-3-Fall/Mia & Sebastian_s Theme | 2025-3-Fall/ALPHA_ 2025 Fall SRYSO/Mia & Sebastian_s Theme,
Cello-II-Mia-&-Sebastian,VC,1,2023-3-Fall/Mia & Sebastian_s Theme/Cello II Mia & Sebastian.pdf,2023-3-Fall/Mia & Sebastian_s Theme,
Cellos-Jingle-Bells-SRYSO,,1,2025-3-Fall/OMEGA_ 2025 Fall SRYSO/Jingle Bells/Cellos - Jingle Bells - SRYSO.pdf,2025-3-Fall/OMEGA_ 2025 Fall SRYSO/Jingle Bells,
Chorus-Judas-Maccabaeus-SCORE,SCORE,1,2025-3-Fall/PRE-ORCHESTRA_ 2025 Fall SRYSO/Judas-Maccabaeus/Chorus-Judas-Maccabaeus-SCORE.pdf,2025-3-Fall/PRE-ORCHESTRA_ 2025 Fall SRYSO/Judas-Maccabaeus,
Chorus-Judas-Maccabaeus-VIOLIN-1,VN-1,1,2025-3-Fall/PRE-ORCHESTRA_ 2025 Fall SRYSO/Judas-Maccabaeus/Chorus-Judas-Maccabaeus-VIOLIN-1.pdf,2025-3-Fall/PRE-ORCHESTRA_ 2025 Fall SRYSO/Judas-Maccabaeus,
Chorus-Judas-Maccabaeus-VIOLIN-2,VN-2,1,2025-3-Fall/PRE-ORCHESTRA_ 2025 Fall SRYSO/Judas-Maccabaeus/Chorus-Judas-Maccabaeus-VIOLIN-2.pdf,2025-3-Fall/PRE-ORCHESTRA_ 2025 Fall SRYSO/Judas-Maccabaeus,
Copy-of-Corelli-Xmas-Cto-G-Min-Op-6-No-8-Viola,VA,1,2024-3-Fall/Corelli-xmas-cto/Copy of Corelli-Xmas-Cto-G-Min-Op-6-No-8-Viola.pdf,2024-3-Fall/Corelli-xmas-cto,
Copy-of-Corelli-Xmas-Cto-G-Min-Op-6-No-8-Violin-2-Rip,VN-2,1,2024-3-Fall/Corelli-xmas-cto/Copy of Corelli-Xmas-Cto-G-Min-Op-6-No-8-Violin-2-Rip.pdf,2024-3-Fall/Corelli-xmas-cto,
Corelli-Xmas-Cello-Viola,VA,1,2024-3-Fall/Corelli-xmas-cto/Xmas-Cto-Cello-Viola/Corelli-Xmas-Cello-Viola.pdf,2024-3-Fall/Corelli-xmas-cto,
Corelli-Xmas-Cto-Cello-Viola,VA,1,2024-3-Fall/Corelli-xmas-cto/Xmas-Cto-Cello-Viola/Corelli-Xmas-Cto-Cello-Viola.pdf,2024-3-Fall/Corelli-xmas-cto,
Corelli-Xmas-Cto-G-Min-Op-6-No-8-Basso,,1,2024-3-Fall/Corelli-xmas-cto/Corelli-Xmas-Cto-G-Min-Op-6-No-8-Basso.pdf,2024-3-Fall/Corelli-xmas-cto,
Corelli-Xmas-Cto-G-Min-Op-6-No-8-Cello-Solo,VC,1,2024-3-Fall/Corelli-xmas-cto/Corelli-Xmas-Cto-G-Min-Op-6-No-8-Cello-Solo.pdf,2024-3-Fall/Corelli-xmas-cto,
Corelli-Xmas-Cto-G-Min-Op-6-No-8-Viola,VA,1,2024-3-Fall/Corelli-xmas-cto/Corelli-Xmas-Cto-G-Min-Op-6-No-8-Viola.pdf,2024-3-Fall/Corelli-xmas-cto,
Corelli-Xmas-Cto-G-Min-Op-6-No-8-Violin-1-Solo,VN-1,1,2024-3-Fall/Corelli-xmas-cto/Corelli-Xmas-Cto-G-Min-Op-6-No-8-Violin-1-Solo.pdf,2024-3-Fall/Corelli-xmas-cto,
Corelli-Xmas-Cto-G-Min-Op-6-No-8-Violin-2-Rip,VN-2,1,2024-3-Fall/Corelli-xmas-cto/Corelli-Xmas-Cto-G-Min-Op-6-No-8-Violin-2-Rip.pdf,2024-3-Fall/Corelli-xmas-cto,
Corelli-Xmas-Cto-G-Min-Op-6-No-8-Violin-2-Solo,VN-2,1,2024-3-Fall/Corelli-xmas-cto/Corelli-Xmas-Cto-G-Min-Op-6-No-8-Violin-2-Solo.pdf,2024-3-Fall/Corelli-xmas-cto,
Corelli-Xmas-Viola-Vn-2-Rip,VN-2,1,2024-3-Fall/Corelli-xmas-cto/Xmas-Cto-Cello-Viola/Corelli-Xmas-Viola-Vn-2-Rip.pdf,2024-3-Fall/Corelli-xmas-cto,
Dvorak-Serenade-Waltz-CELLO,VC,1,2025-3-Fall/OMEGA_ 2025 Fall SRYSO/Dvorak-Serenade-Waltz/Dvorak-Serenade-Waltz-CELLO.pdf,2025-3-Fall/OMEGA_ 2025 Fall SRYSO/Dvorak-Serenade-Waltz,
Dvorak-Serenade-Waltz-SCORE,SCORE,1,2025-3-Fall/OMEGA_ 2025 Fall SRYSO/Dvorak-Serenade-Waltz/Dvorak-Serenade-Waltz-SCORE.pdf,2025-3-Fall/OMEGA_ 2025 Fall SRYSO/Dvorak-Serenade-Waltz,
Dvorak-Serenade-Waltz-VIOLA,VA,1,2025-3-Fall/OMEGA_ 2025 Fall SRYSO/Dvorak-Serenade-Waltz/Dvorak-Serenade-Waltz-VIOLA.pdf,2025-3-Fall/OMEGA_ 2025 Fall SRYSO/Dvorak-Serenade-Waltz,
Dvorak-Serenade-Waltz-VIOLIN-1,VN-1,1,2025-3-Fall/OMEGA_ 2025 Fall SRYSO/Dvorak-Serenade-Waltz/Dvorak-Serenade-Waltz-VIOLIN-1.pdf,2025-3-Fall/OMEGA_ 2025 Fall SRYSO/Dvorak-Serenade-Waltz,
Dvorak-Serenade-Waltz-VIOLIN-2,VN-2,1,2025-3-Fall/OMEGA_ 2025 Fall SRYSO/Dvorak-Serenade-Waltz/Dvorak-Serenade-Waltz-VIOLIN-2.pdf,2025-3-Fall/OMEGA_ 2025 Fall SRYSO/Dvorak-Serenade-Waltz,
Eine-Kleine-REV-4-Viola,VA,1,2026-2-Spring/ALPHA_ 2026 Spring SRYSO/Eine-Kleine-Nachtmusik/Eine-Kleine-REV-4-Viola.pdf,2026-2-Spring/ALPHA_ 2026 Spring SRYSO/Eine-Kleine-Nachtmusik,
Eine-Kleine-REV-4-Violin-1,VN-1,1,2026-2-Spring/ALPHA_ 2026 Spring SRYSO/Eine-Kleine-Nachtmusik/Eine-Kleine-REV-4-Violin-1.pdf,2026-2-Spring/ALPHA_ 2026 Spring SRYSO/Eine-Kleine-Nachtmusik,
Eine-Kleine-REV-5-Cello-1,VC-1,1,2026-2-Spring/ALPHA_ 2026 Spring SRYSO/Eine-Kleine-Nachtmusik/Eine-Kleine-REV-5-Cello-1.pdf,2026-2-Spring/ALPHA_ 2026 Spring SRYSO/Eine-Kleine-Nachtmusik,
Eine-Kleine-REV-5-Cello-2,VC-2,1,2026-2-Spring/ALPHA_ 2026 Spring SRYSO/Eine-Kleine-Nachtmusik/Eine-Kleine-REV-5-Cello-2.pdf,2026-2-Spring/ALPHA_ 2026 Spring SRYSO/Eine-Kleine-Nachtmusik,
Eine-Kleine-REV-5-SCORE,SCORE,1,2026-2-Spring/ALPHA_ 2026 Spring SRYSO/Eine-Kleine-Nachtmusik/Eine-Kleine-REV-5-SCORE.pdf,2026-2-Spring/ALPHA_ 2026 Spring SRYSO/Eine-Kleine-Nachtmusik,
Eroica-Cello,VC,1,2025-3-Fall/OMEGA_ 2025 Fall SRYSO/Eroica/Eroica - Cello.pdf,2025-3-Fall/OMEGA_ 2025 Fall SRYSO/Eroica,
Eroica-Full-Score,SCORE,1,2025-3-Fall/OMEGA_ 2025 Fall SRYSO/Eroica/Eroica - Full Score.pdf,2025-3-Fall/OMEGA_ 2025 Fall SRYSO/Eroica,
Eroica-Viola,VA,1,2025-3-Fall/OMEGA_ 2025 Fall SRYSO/Eroica/Eroica - Viola.pdf,2025-3-Fall/OMEGA_ 2025 Fall SRYSO/Eroica,
Finlandia-Ver-1,,1,2024-3-Fall/Finlandia/VERSION-1/Finlandia-Ver-1.pdf,2024-3-Fall/Finlandia,
Finlandia-Ver-1-Cello-1,VC-1,1,2024-3-Fall/Finlandia/VERSION-1/Finlandia-Ver-1-Cello-1.pdf,2024-3-Fall/Finlandia,
Finlandia-Ver-1-Cello-2,VC-2,1,2024-3-Fall/Finlandia/VERSION-1/Finlandia-Ver-1-Cello-2.pdf,2024-3-Fall/Finlandia,
Finlandia-Ver-1-Viola,VA,1,2024-3-Fall/Finlandia/VERSION-1/Finlandia-Ver-1-Viola.pdf,2024-3-Fall/Finlandia,
Finlandia-Ver-1-Violin-1,VN-1,1,2024-3-Fall/Finlandia/VERSION-1/Finlandia-Ver-1-Violin-1.pdf,2024-3-Fall/Finlandia,
Finlandia-Ver-1-Violin-2,VN-2,1,2024-3-Fall/Finlandia/VERSION-1/Finlandia-Ver-1-Violin-2.pdf,2024-3-Fall/Finlandia,
Finlandia-Ver-2,,1,2024-3-Fall/Finlandia/Finlandia-Ver-2.pdf,2024-3-Fall/Finlandia,
Finlandia-Ver-2-Cello-1,VC-1,1,2024-3-Fall/Finlandia/Finlandia-Ver-2-Cello-1.pdf,2024-3-Fall/Finlandia,
Finlandia-Ver-2-Violin-1,VN-1,1,2024-3-Fall/Finlandia/Finlandia-Ver-2-Violin-1.pdf,2024-3-Fall/Finlandia,
Finlandia-Ver-2-Violin-2,VN-2,1,2024-3-Fall/Finlandia/Finlandia-Ver-2-Violin-2.pdf,2024-3-Fall/Finlandia,
Full-Score-Mia-&-Sebastian,SCORE,1,2023-3-Fall/Mia & Sebastian_s Theme/Full Score Mia & Sebastian.pdf,2023-3-Fall/Mia & Sebastian_s Theme,
Game-Thrones-VER-1,,1,2025-2-Spring/Djawadi-Game-Thrones/Game-Thrones-VER-1.pdf,2025-2-Spring/Djawadi-Game-Thrones,
Game-Thrones-VER-1-Cello-1,VC-1,1,2025-2-Spring/Djawadi-Game-Thrones/Game-Thrones-VER-1-Cello-1.pdf,2025-2-Spring/Djawadi-Game-Thrones,
Game-Thrones-VER-1-Violas,,1,2025-2-Spring/Djawadi-Game-Thrones/Game-Thrones-VER-1-Violas.pdf,2025-2-Spring/Djawadi-Game-Thrones,
Game-Thrones-VER-1-Violin-1,VN-1,1,2025-2-Spring/Djawadi-Game-Thrones/Game-Thrones-VER-1-Violin-1.pdf,2025-2-Spring/Djawadi-Game-Thrones,
Game-Thrones-VER-1-Violin-2,VN-2,1,2025-2-Spring/Djawadi-Game-Thrones/Game-Thrones-VER-1-Violin-2.pdf,2025-2-Spring/Djawadi-Game-Thrones,
Hisaishi-Kiki-VER-2-Cello,VC,1,2026-2-Spring/OMEGA_ 2026 Spring SRYSO/Kikis-Delivery-Service/Hisaishi-Kiki-VER-2-Cello.pdf,2026-2-Spring/OMEGA_ 2026 Spring SRYSO/Kikis-Delivery-Service,
Hisaishi-Kiki-VER-2-SCORE,SCORE,1,2026-2-Spring/OMEGA_ 2026 Spring SRYSO/Kikis-Delivery-Service/Hisaishi-Kiki-VER-2-SCORE.pdf,2026-2-Spring/OMEGA_ 2026 Spring SRYSO/Kikis-Delivery-Service,
Hisaishi-Kiki-VER-2-Viola,VA,1,2026-2-Spring/OMEGA_ 2026 Spring SRYSO/Kikis-Delivery-Service/Hisaishi-Kiki-VER-2-Viola.pdf,2026-2-Spring/OMEGA_ 2026 Spring SRYSO/Kikis-Delivery-Service,
Hisaishi-Kiki-VER-2-Violin-1,VN-1,1,2026-2-Spring/OMEGA_ 2026 Spring SRYSO/Kikis-Delivery-Service/Hisaishi-Kiki-VER-2-Violin-1.pdf,2026-2-Spring/OMEGA_ 2026 Spring SRYSO/Kikis-Delivery-Service,
Hisaishi-Kiki-VER-2-Violin-2,VN-2,1,2026-2-Spring/OMEGA_ 2026 Spring SRYSO/Kikis-Delivery-Service/Hisaishi-Kiki-VER-2-Violin-2.pdf,2026-2-Spring/OMEGA_ 2026 Spring SRYSO/Kikis-Delivery-Service,
Holberg-Suite-Prelude-CELLO,VC,1,2025-3-Fall/OMEGA_ 2025 Fall SRYSO/Holberg-Suite-Prelude/Holberg-Suite-Prelude-CELLO.pdf,2025-3-Fall/OMEGA_ 2025 Fall SRYSO/Holberg-Suite-Prelude,
Holberg-Suite-Prelude-VIOLIN-1,VN-1,1,2025-3-Fall/OMEGA_ 2025 Fall SRYSO/Holberg-Suite-Prelude/Holberg-Suite-Prelude-VIOLIN-1.pdf,2025-3-Fall/OMEGA_ 2025 Fall SRYSO/Holberg-Suite-Prelude,
Holberg-Suite-Prelude-VIOLIN-2,VN-2,1,2025-3-Fall/OMEGA_ 2025 Fall SRYSO/Holberg-Suite-Prelude/Holberg-Suite-Prelude-VIOLIN-2.pdf,2025-3-Fall/OMEGA_ 2025 Fall SRYSO/Holberg-Suite-Prelude,
Howls-Moving-Castle-Ver-2-Cello,VC,1,2026-1-Winter/OMEGA_ 2026 Winter SRYSO/Howls-Moving-Castle/HOWL-VERSION-2/Howls-Moving-Castle-Ver-2-Cello.pdf,2026-1-Winter/OMEGA_ 2026 Winter SRYSO/Howls-Moving-Castle,
Howls-Moving-Castle-Ver-2-Violin-1,VN-1,1,2026-1-Winter/OMEGA_ 2026 Winter SRYSO/Howls-Moving-Castle/HOWL-VERSION-2/Howls-Moving-Castle-Ver-2-Violin-1.pdf,2026-1-Winter/OMEGA_ 2026 Winter SRYSO/Howls-Moving-Castle,
Howls-Moving-Castle-Ver-2-Violin-2,VN-2,1,2026-1-Winter/OMEGA_ 2026 Winter SRYSO/Howls-Moving-Castle/HOWL-VERSION-2/Howls-Moving-Castle-Ver-2-Violin-2.pdf,2026-1-Winter/OMEGA_ 2026 Winter SRYSO/Howls-Moving-Castle,
Howls-Moving-Castle-Ver-3-Cello,VC,1,2026-1-Winter/OMEGA_ 2026 Winter SRYSO/Howls-Moving-Castle/Howls-Moving-Castle-Ver-3-Cello.pdf,2026-1-Winter/OMEGA_ 2026 Winter SRYSO/Howls-Moving-Castle,
Howls-Moving-Castle-Ver-3-SCORE,SCORE,1,2026-1-Winter/OMEGA_ 2026 Winter SRYSO/Howls-Moving-Castle/Howls-Moving-Castle-Ver-3-SCORE.pdf,2026-1-Winter/OMEGA_ 2026 Winter SRYSO/Howls-Moving-Castle,
Howls-Moving-Castle-Ver-3-Viola,VA,1,2026-1-Winter/OMEGA_ 2026 Winter SRYSO/Howls-Moving-Castle/Howls-Moving-Castle-Ver-3-Viola.pdf,2026-1-Winter/OMEGA_ 2026 Winter SRYSO/Howls-Moving-Castle,
Howls-Moving-Castle-Ver-3-Violin-1,VN-1,1,2026-1-Winter/OMEGA_ 2026 Winter SRYSO/Howls-Moving-Castle/Howls-Moving-Castle-Ver-3-Violin-1.pdf,2026-1-Winter/OMEGA_ 2026 Winter SRYSO/Howls-Moving-Castle,
Howls-Moving-Castle-Ver-3-Violin-2,VN-2,1,2026-1-Winter/OMEGA_ 2026 Winter SRYSO/Howls-Moving-Castle/Howls-Moving-Castle-Ver-3-Violin-2.pdf,2026-1-Winter/OMEGA_ 2026 Winter SRYSO/Howls-Moving-Castle,
Interstellar-Cello-1,VC-1,1,2026-2-Spring/ALPHA_ 2026 Spring SRYSO/Interstellar/Interstellar-Cello-1.pdf,2026-2-Spring/ALPHA_ 2026 Spring SRYSO/Interstellar,
Interstellar-Cello-2,VC-2,1,2026-2-Spring/ALPHA_ 2026 Spring SRYSO/Interstellar/Interstellar-Cello-2.pdf,2026-2-Spring/ALPHA_ 2026 Spring SRYSO/Interstellar,
Interstellar-FULL-SCORE,SCORE,1,2026-2-Spring/ALPHA_ 2026 Spring SRYSO/Interstellar/Interstellar-FULL-SCORE.pdf,2026-2-Spring/ALPHA_ 2026 Spring SRYSO/Interstellar,
Interstellar-Vibraphone-1,,1,2026-2-Spring/ALPHA_ 2026 Spring SRYSO/Interstellar/Interstellar-Vibraphone-1.pdf,2026-2-Spring/ALPHA_ 2026 Spring SRYSO/Interstellar,
Interstellar-Vibraphone-2,,1,2026-2-Spring/ALPHA_ 2026 Spring SRYSO/Interstellar/Interstellar-Vibraphone-2.pdf,2026-2-Spring/ALPHA_ 2026 Spring SRYSO/Interstellar,
Interstellar-Viola,VA,1,2026-2-Spring/ALPHA_ 2026 Spring SRYSO/Interstellar/Interstellar-Viola.pdf,2026-2-Spring/ALPHA_ 2026 Spring SRYSO/Interstellar,
Interstellar-Violin-1,VN-1,1,2026-2-Spring/ALPHA_ 2026 Spring SRYSO/Interstellar/Interstellar-Violin-1.pdf,2026-2-Spring/ALPHA_ 2026 Spring SRYSO/Interstellar,
Interstellar-Violin-2,VN-2,1,2026-2-Spring/ALPHA_ 2026 Spring SRYSO/Interstellar/Interstellar-Violin-2.pdf,2026-2-Spring/ALPHA_ 2026 Spring SRYSO/Interstellar,
Jianni-Bowings-Bartok-1-4,,1,2026-1-Winter/OMEGA_ 2026 Winter SRYSO/Bartok-Romanian-Dances/Jianni-Bowings-Bartok-1-4.pdf,2026-1-Winter/OMEGA_ 2026 Winter SRYSO/Bartok-Romanian-Dances,
Jupiter-Hymn-Ver-2-Cello,VC,1,2026-1-Winter/ALPHA_ 2026 Winter SRYSO/Jupiter-Hymn-Holst/Jupiter-Hymn-Ver-2-Cello.pdf,2026-1-Winter/ALPHA_ 2026 Winter SRYSO/Jupiter-Hymn-Holst,
Jupiter-Hymn-Ver-2-SCORE,SCORE,1,2026-1-Winter/ALPHA_ 2026 Winter SRYSO/Jupiter-Hymn-Holst/Jupiter-Hymn-Ver-2-SCORE.pdf,2026-1-Winter/ALPHA_ 2026 Winter SRYSO/Jupiter-Hymn-Holst,
Jupiter-Hymn-Ver-2-Viola,VA,1,2026-1-Winter/ALPHA_ 2026 Winter SRYSO/Jupiter-Hymn-Holst/Jupiter-Hymn-Ver-2-Viola.pdf,2026-1-Winter/ALPHA_ 2026 Winter SRYSO/Jupiter-Hymn-Holst,
Jupiter-Hymn-Ver-2-Violin-1,VN-1,1,2026-1-Winter/ALPHA_ 2026 Winter SRYSO/Jupiter-Hymn-Holst/Jupiter-Hymn-Ver-2-Violin-1.pdf,2026-1-Winter/ALPHA_ 2026 Winter SRYSO/Jupiter-Hymn-Holst,
Jupiter-Hymn-Ver-2-Violin-2,VN-2,1,2026-1-Winter/ALPHA_ 2026 Winter SRYSO/Jupiter-Hymn-Holst/Jupiter-Hymn-Ver-2-Violin-2.pdf,2026-1-Winter/ALPHA_ 2026 Winter SRYSO/Jupiter-Hymn-Holst,
JUPITER-VN-2-BOWINGS,VN-2,1,2026-1-Winter/ALPHA_ 2026 Winter SRYSO/ALPHA-BOWINGS-VERY-LIMITED-AS-YET/JUPITER-VN-2-BOWINGS.pdf,2026-1-Winter/ALPHA_ 2026 Winter SRYSO/ALPHA-BOWINGS-VERY-LIMITED-AS-YET,
Jurassic-Ver-1,,1,2025-1-Winter/Jurassic-Park/Jurassic-Ver-1.pdf,2025-1-Winter/Jurassic-Park,
Jurassic-Ver-1-Cello-1,VC-1,1,2025-1-Winter/Jurassic-Park/Jurassic-Ver-1-Cello-1.pdf,2025-1-Winter/Jurassic-Park,
Jurassic-Ver-1-Cello-2,VC-2,1,2025-1-Winter/Jurassic-Park/Jurassic-Ver-1-Cello-2.pdf,2025-1-Winter/Jurassic-Park,
Jurassic-Ver-1-Viola-1,VA,1,2025-1-Winter/Jurassic-Park/Jurassic-Ver-1-Viola-1.pdf,2025-1-Winter/Jurassic-Park,
Jurassic-Ver-1-Violin-2,VN-2,1,2025-1-Winter/Jurassic-Park/Jurassic-Ver-1-Violin-2.pdf,2025-1-Winter/Jurassic-Park,
Jurassic-Ver-1-Violin-3,VN-3,1,2025-1-Winter/Jurassic-Park/Jurassic-Ver-1-Violin-3.pdf,2025-1-Winter/Jurassic-Park,
Married-Life-7-Voices-Ver-1-Cello-1,VC-1,1,2024-3-Fall/Up-Theme-Married-Life/Married-Life-7-Voices-Ver-1-Cello-1.pdf,2024-3-Fall/Up-Theme-Married-Life,
Married-Life-7-Voices-Ver-1-Cello-2,VC-2,1,2024-3-Fall/Up-Theme-Married-Life/Married-Life-7-Voices-Ver-1-Cello-2.pdf,2024-3-Fall/Up-Theme-Married-Life,
Married-Life-7-Voices-Ver-1-Viola-1,VA,1,2024-3-Fall/Up-Theme-Married-Life/Married-Life-7-Voices-Ver-1-Viola-1.pdf,2024-3-Fall/Up-Theme-Married-Life,
Married-Life-7-Voices-Ver-1-Viola-2,VA,1,2024-3-Fall/Up-Theme-Married-Life/Married-Life-7-Voices-Ver-1-Viola-2.pdf,2024-3-Fall/Up-Theme-Married-Life,
Married-Life-7-Voices-Ver-1-Violin-1,VN-1,1,2024-3-Fall/Up-Theme-Married-Life/Married-Life-7-Voices-Ver-1-Violin-1.pdf,2024-3-Fall/Up-Theme-Married-Life,
Married-Life-7-Voices-Ver-1-Violin-2,VN-2,1,2024-3-Fall/Up-Theme-Married-Life/Married-Life-7-Voices-Ver-1-Violin-2.pdf,2024-3-Fall/Up-Theme-Married-Life,
Married-Life-7-Voices-Ver-1-Violin-3,VN-3,1,2024-3-Fall/Up-Theme-Married-Life/Married-Life-7-Voices-Ver-1-Violin-3.pdf,2024-3-Fall/Up-Theme-Married-Life,
Mozart-40-7-Voices-Ver-2-Cello-2,VC-2,1,2024-3-Fall/Mozart-40/Mozart-40-7-Voices-Ver-2-Cello-2.pdf,2024-3-Fall/Mozart-40,
Mozart-40-7-Voices-Ver-2-Viola-1,VA,1,2024-3-Fall/Mozart-40/Mozart-40-7-Voices-Ver-2-Viola-1.pdf,2024-3-Fall/Mozart-40,
Mozart-40-7-Voices-Ver-2-Viola-2,VA,1,2024-3-Fall/Mozart-40/Mozart-40-7-Voices-Ver-2-Viola-2.pdf,2024-3-Fall/Mozart-40,
Mozart-40-7-Voices-Ver-2-Violin-1,VN-1,1,2024-3-Fall/Mozart-40/Mozart-40-7-Voices-Ver-2-Violin-1.pdf,2024-3-Fall/Mozart-40,
Mozart-40-7-Voices-Ver-2-Violin-2,VN-2,1,2024-3-Fall/Mozart-40/Mozart-40-7-Voices-Ver-2-Violin-2.pdf,2024-3-Fall/Mozart-40,
Mozart-40-7-Voices-Ver-2-Violin-3,VN-3,1,2024-3-Fall/Mozart-40/Mozart-40-7-Voices-Ver-2-Violin-3.pdf,2024-3-Fall/Mozart-40,
Musette-Piano,PF,1,2026-1-Winter/PRE-ORCHESTRA/Musette/Musette-Piano.pdf,2026-1-Winter/PRE-ORCHESTRA/Musette,
Musette-SCORE,SCORE,1,2025-3-Fall/PRE-ORCHESTRA_ 2025 Fall SRYSO/Musette/Musette-SCORE.pdf,2025-3-Fall/PRE-ORCHESTRA_ 2025 Fall SRYSO/Musette,
Musette-VIOLIN-1,VN-1,1,2025-3-Fall/PRE-ORCHESTRA_ 2025 Fall SRYSO/Musette/Musette-VIOLIN-1.pdf,2025-3-Fall/PRE-ORCHESTRA_ 2025 Fall SRYSO/Musette,
Musette-Violin-1,VN-1,1,2026-1-Winter/PRE-ORCHESTRA/Musette/Musette-Violin-1.pdf,2026-1-Winter/PRE-ORCHESTRA/Musette,
Musette-VIOLIN-2,VN-2,1,2025-3-Fall/PRE-ORCHESTRA_ 2025 Fall SRYSO/Musette/Musette-VIOLIN-2.pdf,2025-3-Fall/PRE-ORCHESTRA_ 2025 Fall SRYSO/Musette,
Musette-Violins-2-4,,1,2026-1-Winter/PRE-ORCHESTRA/Musette/Musette-Violins-2-4.pdf,2026-1-Winter/PRE-ORCHESTRA/Musette,
Queen-Night-Ver-1,,1,2025-1-Winter/Queen-of-Night-Mozart/Queen-Night-Ver-1.pdf,2025-1-Winter/Queen-of-Night-Mozart,
Queen-Night-Ver-1-Cello-1,VC-1,1,2025-1-Winter/Queen-of-Night-Mozart/Queen-Night-Ver-1-Cello-1.pdf,2025-1-Winter/Queen-of-Night-Mozart,
Queen-Night-Ver-1-Cello-2,VC-2,1,2025-1-Winter/Queen-of-Night-Mozart/Queen-Night-Ver-1-Cello-2.pdf,2025-1-Winter/Queen-of-Night-Mozart,
Queen-Night-Ver-1-Viola-1,VA,1,2025-1-Winter/Queen-of-Night-Mozart/Queen-Night-Ver-1-Viola-1.pdf,2025-1-Winter/Queen-of-Night-Mozart,
Queen-Night-Ver-1-Viola-2,VA,1,2025-1-Winter/Queen-of-Night-Mozart/Queen-Night-Ver-1-Viola-2.pdf,2025-1-Winter/Queen-of-Night-Mozart,
Queen-Night-Ver-1-Violin-1,VN-1,1,2025-1-Winter/Queen-of-Night-Mozart/Queen-Night-Ver-1-Violin-1.pdf,2025-1-Winter/Queen-of-Night-Mozart,
Queen-Night-Ver-1-Violin-2,VN-2,1,2025-1-Winter/Queen-of-Night-Mozart/Queen-Night-Ver-1-Violin-2.pdf,2025-1-Winter/Queen-of-Night-Mozart,
Queen-Night-Ver-1-Violin-3,VN-3,1,2025-1-Winter/Queen-of-Night-Mozart/Queen-Night-Ver-1-Violin-3.pdf,2025-1-Winter/Queen-of-Night-Mozart,
Rachmaninoff-Prelude-CELLO,VC,1,2026-1-Winter/OMEGA_ 2026 Winter SRYSO/Rachmaninoff-Prelude/Rachmaninoff-Prelude-CELLO.pdf,2026-1-Winter/OMEGA_ 2026 Winter SRYSO/Rachmaninoff-Prelude,
Rachmaninoff-Prelude-SCORE,SCORE,1,2026-1-Winter/OMEGA_ 2026 Winter SRYSO/Rachmaninoff-Prelude/Rachmaninoff-Prelude-SCORE.pdf,2026-1-Winter/OMEGA_ 2026 Winter SRYSO/Rachmaninoff-Prelude,
Rachmaninoff-Prelude-VIOLA,VA,1,2026-1-Winter/OMEGA_ 2026 Winter SRYSO/Rachmaninoff-Prelude/Rachmaninoff-Prelude-VIOLA.pdf,2026-1-Winter/OMEGA_ 2026 Winter SRYSO/Rachmaninoff-Prelude,
Rachmaninoff-Prelude-VIOLIN-1,VN-1,1,2026-1-Winter/OMEGA_ 2026 Winter SRYSO/Rachmaninoff-Prelude/Rachmaninoff-Prelude-VIOLIN-1.pdf,2026-1-Winter/OMEGA_ 2026 Winter SRYSO/Rachmaninoff-Prelude,
Sadness-Sorrow-Rev-1-Cello-1,VC-1,1,2024-2-Spring/Naruto - Sadness & Sorrow/Sadness-Sorrow-Rev-1-Cello-1.pdf,2024-2-Spring/Naruto - Sadness & Sorrow,
Sadness-Sorrow-Rev-1-Cello-2,VC-2,1,2024-2-Spring/Naruto - Sadness & Sorrow/Sadness-Sorrow-Rev-1-Cello-2.pdf,2024-2-Spring/Naruto - Sadness & Sorrow,
Sadness-Sorrow-Rev-1-Violin-1,VN-1,1,2024-2-Spring/Naruto - Sadness & Sorrow/Sadness-Sorrow-Rev-1-Violin-1.pdf,2024-2-Spring/Naruto - Sadness & Sorrow,
Sadness-Sorrow-Rev-1-Violin-2,VN-2,1,2024-2-Spring/Naruto - Sadness & Sorrow/Sadness-Sorrow-Rev-1-Violin-2.pdf,2024-2-Spring/Naruto - Sadness & Sorrow,
Saint-Saens-3-Mov-2-VER-1,,1,2025-2-Spring/Saint-Saens-Symph-3-Mvt-2/Saint-Saens-3-Mov-2-VER-1.pdf,2025-2-Spring/Saint-Saens-Symph-3-Mvt-2,
Saint-Saens-3-Mov-2-VER-1-Cello-1,VC-1,1,2025-2-Spring/Saint-Saens-Symph-3-Mvt-2/Saint-Saens-3-Mov-2-VER-1-Cello-1.pdf,2025-2-Spring/Saint-Saens-Symph-3-Mvt-2,
Saint-Saens-3-Mov-2-VER-1-Cello-2,VC-2,1,2025-2-Spring/Saint-Saens-Symph-3-Mvt-2/Saint-Saens-3-Mov-2-VER-1-Cello-2.pdf,2025-2-Spring/Saint-Saens-Symph-3-Mvt-2,
Saint-Saens-3-Mov-2-VER-1-Violin-1,VN-1,1,2025-2-Spring/Saint-Saens-Symph-3-Mvt-2/Saint-Saens-3-Mov-2-VER-1-Violin-1.pdf,2025-2-Spring/Saint-Saens-Symph-3-Mvt-2,
Saint-Saens-3-Mov-2-VER-1-Violin-2,VN-2,1,2025-2-Spring/Saint-Saens-Symph-3-Mvt-2/Saint-Saens-3-Mov-2-VER-1-Violin-2.pdf,2025-2-Spring/Saint-Saens-Symph-3-Mvt-2,
Saint-Saens-3-Mov-2-VER-2,,1,2025-2-Spring/Saint-Saens-Symph-3-Mvt-2/Violin-2-B-PARTS-HERE/Saint-Saens-3-Mov-2-VER-2.pdf,2025-2-Spring/Saint-Saens-Symph-3-Mvt-2,
Saint-Saens-3-Mov-2-VER-2-Violin-2B,,1,2025-2-Spring/Saint-Saens-Symph-3-Mvt-2/Violin-2-B-PARTS-HERE/Saint-Saens-3-Mov-2-VER-2-Violin-2B.pdf,2025-2-Spring/Saint-Saens-Symph-3-Mvt-2,
Star-Wars-Ver-3-Cello-1,VC-1,1,2026-2-Spring/ALPHA_ 2026 Spring SRYSO/Star-Wars-Main-Theme/Star-Wars-Ver-3-Cello-1.pdf,2026-2-Spring/ALPHA_ 2026 Spring SRYSO/Star-Wars-Main-Theme,
Star-Wars-Ver-3-Cello-2,VC-2,1,2026-2-Spring/ALPHA_ 2026 Spring SRYSO/Star-Wars-Main-Theme/Star-Wars-Ver-3-Cello-2.pdf,2026-2-Spring/ALPHA_ 2026 Spring SRYSO/Star-Wars-Main-Theme,
Star-Wars-Ver-3-SCORE,SCORE,1,2026-2-Spring/ALPHA_ 2026 Spring SRYSO/Star-Wars-Main-Theme/Star-Wars-Ver-3-SCORE.pdf,2026-2-Spring/ALPHA_ 2026 Spring SRYSO/Star-Wars-Main-Theme,
Star-Wars-Ver-3-Viola,VA,1,2026-2-Spring/ALPHA_ 2026 Spring SRYSO/Star-Wars-Main-Theme/Star-Wars-Ver-3-Viola.pdf,2026-2-Spring/ALPHA_ 2026 Spring SRYSO/Star-Wars-Main-Theme,
Star-Wars-Ver-3-Violin-2,VN-2,1,2026-2-Spring/ALPHA_ 2026 Spring SRYSO/Star-Wars-Main-Theme/Star-Wars-Ver-3-Violin-2.pdf,2026-2-Spring/ALPHA_ 2026 Spring SRYSO/Star-Wars-Main-Theme,
Swan-Lake-2nd-Violin,,1,2026-1-Winter/ALPHA_ 2026 Winter SRYSO/Swan-Lake-Tchaikovsky/Swan Lake - 2nd Violin.pdf,2026-1-Winter/ALPHA_ 2026 Winter SRYSO/Swan-Lake-Tchaikovsky,
Swan-Lake-3rd-Violin-(Viola-[TC]),VN-3,1,2026-1-Winter/ALPHA_ 2026 Winter SRYSO/Swan-Lake-Tchaikovsky/Swan Lake - 3rd Violin (Viola [TC]).pdf,2026-1-Winter/ALPHA_ 2026 Winter SRYSO/Swan-Lake-Tchaikovsky,
Swan-Lake-Cello,VC,1,2026-1-Winter/ALPHA_ 2026 Winter SRYSO/Swan-Lake-Tchaikovsky/Swan Lake - Cello.pdf,2026-1-Winter/ALPHA_ 2026 Winter SRYSO/Swan-Lake-Tchaikovsky,
Swan-Lake-Score,SCORE,1,2026-1-Winter/ALPHA_ 2026 Winter SRYSO/Swan-Lake-Tchaikovsky/Swan Lake - Score.pdf,2026-1-Winter/ALPHA_ 2026 Winter SRYSO/Swan-Lake-Tchaikovsky,
Swan-Lake-String-Bass,DB,1,2026-1-Winter/ALPHA_ 2026 Winter SRYSO/Swan-Lake-Tchaikovsky/Swan Lake - String Bass.pdf,2026-1-Winter/ALPHA_ 2026 Winter SRYSO/Swan-Lake-Tchaikovsky,
Swan-Lake-Viola,VA,1,2026-1-Winter/ALPHA_ 2026 Winter SRYSO/Swan-Lake-Tchaikovsky/Swan Lake - Viola.pdf,2026-1-Winter/ALPHA_ 2026 Winter SRYSO/Swan-Lake-Tchaikovsky,
Tchai-Andante-Bass-(Cello-2),VC-2,1,2026-2-Spring/OMEGA_ 2026 Spring SRYSO/Tchaikovsky-Andante/Tchai-Andante-Bass-(Cello-2).pdf,2026-2-Spring/OMEGA_ 2026 Spring SRYSO/Tchaikovsky-Andante,
Tchai-Andante-Cello,VC,1,2026-2-Spring/OMEGA_ 2026 Spring SRYSO/Tchaikovsky-Andante/Tchai-Andante-Cello.pdf,2026-2-Spring/OMEGA_ 2026 Spring SRYSO/Tchaikovsky-Andante,
Tchai-Andante-Full-Score,SCORE,1,2026-2-Spring/OMEGA_ 2026 Spring SRYSO/Tchaikovsky-Andante/Tchai-Andante-Full-Score.pdf,2026-2-Spring/OMEGA_ 2026 Spring SRYSO/Tchaikovsky-Andante,
Tchai-Andante-Viola,VA,1,2026-2-Spring/OMEGA_ 2026 Spring SRYSO/Tchaikovsky-Andante/Tchai-Andante-Viola.pdf,2026-2-Spring/OMEGA_ 2026 Spring SRYSO/Tchaikovsky-Andante,
Tchai-Andante-Violin-1,VN-1,1,2026-2-Spring/OMEGA_ 2026 Spring SRYSO/Tchaikovsky-Andante/Tchai-Andante-Violin-1.pdf,2026-2-Spring/OMEGA_ 2026 Spring SRYSO/Tchaikovsky-Andante,
Tchai-Andante-Violin-2,VN-2,1,2026-2-Spring/OMEGA_ 2026 Spring SRYSO/Tchaikovsky-Andante/Tchai-Andante-Violin-2.pdf,2026-2-Spring/OMEGA_ 2026 Spring SRYSO/Tchaikovsky-Andante,
The-Crown-Cello,VC,1,2025-3-Fall/OMEGA_ 2025 Fall SRYSO/The Crown/The Crown - Cello.pdf,2025-3-Fall/OMEGA_ 2025 Fall SRYSO/The Crown,
The-Crown-Conductor-Score-(Full-Score),SCORE,1,2025-3-Fall/OMEGA_ 2025 Fall SRYSO/The Crown/The Crown - Conductor Score (Full Score).pdf,2025-3-Fall/OMEGA_ 2025 Fall SRYSO/The Crown,
The-Crown-Viola,VA,1,2025-3-Fall/OMEGA_ 2025 Fall SRYSO/The Crown/The Crown - Viola.pdf,2025-3-Fall/OMEGA_ 2025 Fall SRYSO/The Crown,
The-Crown-Violin-2,VN-2,1,2025-3-Fall/OMEGA_ 2025 Fall SRYSO/The Crown/The Crown - Violin 2.pdf,2025-3-Fall/OMEGA_ 2025 Fall SRYSO/The Crown,
Viola-Eine-Kleine-REV-3,VA,1,2024-2-Spring/Mozart -Eine Kleine Nachtmusik/Viola Eine-Kleine-REV-3.pdf,2024-2-Spring/Mozart -Eine Kleine Nachtmusik,
Viola-Mia-&-Sebastian,VA,2,2023-3-Fall/Mia & Sebastian_s Theme/Viola Mia & Sebastian.pdf | 2025-3-Fall/ALPHA_ 2025 Fall SRYSO/Mia & Sebastian_s Theme/Viola Mia & Sebastian.pdf,2023-3-Fall/Mia & Sebastian_s Theme | 2025-3-Fall/ALPHA_ 2025 Fall SRYSO/Mia & Sebastian_s Theme,
Violas-Jingle-Bells-SRYSO,,1,2025-3-Fall/OMEGA_ 2025 Fall SRYSO/Jingle Bells/Violas - Jingle Bells - SRYSO.pdf,2025-3-Fall/OMEGA_ 2025 Fall SRYSO/Jingle Bells,
Violin-I-Eine-Kleine-REV-3,VN-1,1,2024-2-Spring/Mozart -Eine Kleine Nachtmusik/Violin I Eine-Kleine-REV-3.pdf,2024-2-Spring/Mozart -Eine Kleine Nachtmusik,
Violin-I-Mia-&-Sebastian,VN-1,1,2025-3-Fall/ALPHA_ 2025 Fall SRYSO/Mia & Sebastian_s Theme/Violin I Mia & Sebastian.pdf,2025-3-Fall/ALPHA_ 2025 Fall SRYSO/Mia & Sebastian_s Theme,
Violin-II-Eine-Kleine-REV-3,VN-2,1,2024-2-Spring/Mozart -Eine Kleine Nachtmusik/Violin II Eine-Kleine-REV-3.pdf,2024-2-Spring/Mozart -Eine Kleine Nachtmusik,
Violin-II-Mia-&-Sebastian,VN-2,2,2023-3-Fall/Mia & Sebastian_s Theme/Violin II Mia & Sebastian.pdf | 2025-3-Fall/ALPHA_ 2025 Fall SRYSO/Mia & Sebastian_s Theme/Violin II Mia & Sebastian.pdf,2023-3-Fall/Mia & Sebastian_s Theme | 2025-3-Fall/ALPHA_ 2025 Fall SRYSO/Mia & Sebastian_s Theme,
Violin-III-Mia-&-Sebastian,VN-3,2,2023-3-Fall/Mia & Sebastian_s Theme/Violin III Mia & Sebastian.pdf | 2025-3-Fall/ALPHA_ 2025 Fall SRYSO/Mia & Sebastian_s Theme/Violin III Mia & Sebastian.pdf,2023-3-Fall/Mia & Sebastian_s Theme | 2025-3-Fall/ALPHA_ 2025 Fall SRYSO/Mia & Sebastian_s Theme,
Violins-1-Jingle-Bells-SRYSO,,1,2025-3-Fall/OMEGA_ 2025 Fall SRYSO/Jingle Bells/Violins_1 - Jingle Bells - SRYSO.pdf,2025-3-Fall/OMEGA_ 2025 Fall SRYSO/Jingle Bells,
Violins-2-Jingle-Bells-SRYSO,,1,2025-3-Fall/OMEGA_ 2025 Fall SRYSO/Jingle Bells/Violins_2 - Jingle Bells - SRYSO.pdf,2025-3-Fall/OMEGA_ 2025 Fall SRYSO/Jingle Bells,
Vivaldi-Cto-2-Vlns-RV-522-BASS-LARGE,DB,1,2025-2-Spring/Vivaldi-Cto-RV-522 (Chamber Group ONLY)/Vivaldi-Cto-2-Vlns-RV-522-BASS-LARGE.pdf,2025-2-Spring/Vivaldi-Cto-RV-522 (Chamber Group ONLY),
Vivaldi-Cto-2-Vlns-RV-522-Cello,VC,1,2025-2-Spring/Vivaldi-Cto-RV-522 (Chamber Group ONLY)/Vivaldi-Cto-2-Vlns-RV-522-Cello.pdf,2025-2-Spring/Vivaldi-Cto-RV-522 (Chamber Group ONLY),
Vivaldi-Cto-2-Vlns-RV-522-Solo-Vln-2,,1,2025-2-Spring/Vivaldi-Cto-RV-522 (Chamber Group ONLY)/Vivaldi-Cto-2-Vlns-RV-522-Solo-Vln-2.pdf,2025-2-Spring/Vivaldi-Cto-RV-522 (Chamber Group ONLY),
Vivaldi-Cto-2-Vlns-RV-522-Viola,VA,1,2025-2-Spring/Vivaldi-Cto-RV-522 (Chamber Group ONLY)/Vivaldi-Cto-2-Vlns-RV-522-Viola.pdf,2025-2-Spring/Vivaldi-Cto-RV-522 (Chamber Group ONLY),
Vivaldi-Cto-2-Vlns-RV-522-VIOLA-LARGE,VA,1,2025-2-Spring/Vivaldi-Cto-RV-522 (Chamber Group ONLY)/Vivaldi-Cto-2-Vlns-RV-522-VIOLA-LARGE.pdf,2025-2-Spring/Vivaldi-Cto-RV-522 (Chamber Group ONLY),
Vivaldi-Cto-2-Vlns-RV-522-Violin-1,VN-1,1,2025-2-Spring/Vivaldi-Cto-RV-522 (Chamber Group ONLY)/Vivaldi-Cto-2-Vlns-RV-522-Violin-1.pdf,2025-2-Spring/Vivaldi-Cto-RV-522 (Chamber Group ONLY),
Vivaldi-Cto-2-Vlns-VER-2-RV-522,,1,2025-2-Spring/Vivaldi-Cto-RV-522 (Chamber Group ONLY)/Vivaldi-Cto-2-Vlns-VER-2-RV-522.pdf,2025-2-Spring/Vivaldi-Cto-RV-522 (Chamber Group ONLY),
Vivaldi-RV-565-Ver-1-Cello,VC,1,2025-1-Winter/Vivaldi-Cto-RV-565 (Chamber Group ONLY)/Vivaldi-RV-565-Ver-1-Cello.pdf,2025-1-Winter/Vivaldi-Cto-RV-565 (Chamber Group ONLY),
Vivaldi-RV-565-Ver-1-Cello-Solo,VC,1,2025-1-Winter/Vivaldi-Cto-RV-565 (Chamber Group ONLY)/Vivaldi-RV-565-Ver-1-Cello-Solo.pdf,2025-1-Winter/Vivaldi-Cto-RV-565 (Chamber Group ONLY),
Vivaldi-RV-565-Ver-1-Viola,VA,1,2025-1-Winter/Vivaldi-Cto-RV-565 (Chamber Group ONLY)/Vivaldi-RV-565-Ver-1-Viola.pdf,2025-1-Winter/Vivaldi-Cto-RV-565 (Chamber Group ONLY),
Vivaldi-RV-565-Ver-1-Violin-1,VN-1,1,2025-1-Winter/Vivaldi-Cto-RV-565 (Chamber Group ONLY)/Vivaldi-RV-565-Ver-1-Violin-1.pdf,2025-1-Winter/Vivaldi-Cto-RV-565 (Chamber Group ONLY),
Vivaldi-RV-565-Ver-1-Violin-1-Solo,VN-1,1,2025-1-Winter/Vivaldi-Cto-RV-565 (Chamber Group ONLY)/Vivaldi-RV-565-Ver-1-Violin-1-Solo.pdf,2025-1-Winter/Vivaldi-Cto-RV-565 (Chamber Group ONLY),
Vivaldi-RV-565-Ver-1-Violin-2,VN-2,1,2025-1-Winter/Vivaldi-Cto-RV-565 (Chamber Group ONLY)/Vivaldi-RV-565-Ver-1-Violin-2.pdf,2025-1-Winter/Vivaldi-Cto-RV-565 (Chamber Group ONLY),
Vivaldi-RV-565-Ver-1-Violin-2-Solo,VN-2,1,2025-1-Winter/Vivaldi-Cto-RV-565 (Chamber Group ONLY)/Vivaldi-RV-565-Ver-1-Violin-2-Solo.pdf,2025-1-Winter/Vivaldi-Cto-RV-565 (Chamber Group ONLY),
William-Tell-VER-1,,1,2025-2-Spring/Rossini-William-Tell/William-Tell-VER-1.pdf,2025-2-Spring/Rossini-William-Tell,
William-Tell-VER-1-Cello-1,VC-1,1,2025-2-Spring/Rossini-William-Tell/William-Tell-VER-1-Cello-1.pdf,2025-2-Spring/Rossini-William-Tell,
William-Tell-VER-1-Cello-2,VC-2,1,2025-2-Spring/Rossini-William-Tell/William-Tell-VER-1-Cello-2.pdf,2025-2-Spring/Rossini-William-Tell,
William-Tell-VER-1-Viola,VA,1,2025-2-Spring/Rossini-William-Tell/William-Tell-VER-1-Viola.pdf,2025-2-Spring/Rossini-William-Tell,
William-Tell-VER-1-Violin-2,VN-2,1,2025-2-Spring/Rossini-William-Tell/William-Tell-VER-1-Violin-2.pdf,2025-2-Spring/Rossini-William-Tell,
William-Tell-VER-1-Violin-3,VN-3,1,2025-2-Spring/Rossini-William-Tell/William-Tell-VER-1-Violin-3.pdf,2025-2-Spring/Rossini-William-Tell,
William-Tell-VER-2,,1,2025-2-Spring/Rossini-William-Tell/Violin-2-B-PARTS-HERE/William-Tell-VER-2.pdf,2025-2-Spring/Rossini-William-Tell,
Wishing-SCORE,SCORE,1,2024-1-Winter/Wishing-Ffrench/Wishing-2024-02-15-SCORE.pdf,2024-1-Winter/Wishing-Ffrench,
Wishing-Solo-Piano,PF,1,2024-1-Winter/Wishing-Ffrench/Wishing-Solo-Piano.pdf,2024-1-Winter/Wishing-Ffrench,
Wishing-Ver-4-SCORE,SCORE,1,2026-1-Winter/ALPHA_ 2026 Winter SRYSO/Wishing-Ffrench/Wishing-Ver-4-SCORE.pdf,2026-1-Winter/ALPHA_ 2026 Winter SRYSO/Wishing-Ffrench,
Wishing-Ver-4-Vc-1,VC-1,1,2026-1-Winter/ALPHA_ 2026 Winter SRYSO/Wishing-Ffrench/Wishing-Ver-4-Vc-1.pdf,2026-1-Winter/ALPHA_ 2026 Winter SRYSO/Wishing-Ffrench,
Wishing-Ver-4-Vc-2,VC-2,1,2026-1-Winter/ALPHA_ 2026 Winter SRYSO/Wishing-Ffrench/Wishing-Ver-4-Vc-2.pdf,2026-1-Winter/ALPHA_ 2026 Winter SRYSO/Wishing-Ffrench,
Wishing-Ver-4-Vla,,1,2026-1-Winter/ALPHA_ 2026 Winter SRYSO/Wishing-Ffrench/Wishing-Ver-4-Vla.pdf,2026-1-Winter/ALPHA_ 2026 Winter SRYSO/Wishing-Ffrench,
Wishing-Viola,VA,1,2024-1-Winter/Wishing-Ffrench/Wishing-2024-02-15-Viola.pdf,2024-1-Winter/Wishing-Ffrench,
Wishing-Violin-1,VN-1,1,2024-1-Winter/Wishing-Ffrench/Wishing-2024-02-15-Violin-1.pdf,2024-1-Winter/Wishing-Ffrench,
Wishing-Violoncello-2,,1,2024-1-Winter/Wishing-Ffrench/Wishing-2024-02-15-Violoncello-2.pdf,2024-1-Winter/Wishing-Ffrench,
