ACTION,SOURCE-FILE,DEST-FILE,PART,MATCHED-PATTERN,CONFIDENCE,NOTES,EXECUTED,EXECUTION-NOTES,EXECUTED,EXECUTION-NOTES
SKIP,SRYSO-Student-Folders/2023-3-Fall/1812 Overture/1812-NEW-PARTS-10-29/1812-Tchaik-10-29-CELLO-1.pdf,PDFs/Tchaikovsky/1812-Overture/CURRENT/VC-1.pdf,VC-1,CELLO-1,explicit,SKIPPED-OLDER-SEMESTER-OR-VERSION:DATE-MMDD:1029; kept DATE-MMDD:1029,NO,not a COPY row,NO,not a COPY row
COPY,SRYSO-Student-Folders/2025-3-Fall/ALPHA_ 2025 Fall SRYSO/1812 Overture/1812-NEW-PARTS-10-29/1812-Tchaik-10-29-CELLO-1.pdf,PDFs/Tchaikovsky/1812-Overture/CURRENT/VC-1.pdf,VC-1,CELLO-1,explicit,KEPT-LATEST:DATE-MMDD:1029 | SELECTED-BEST-CANDIDATE,YES,copied,YES,copied
SKIP,SRYSO-Student-Folders/2023-3-Fall/1812 Overture/1812-NEW-PARTS-10-29/1812-Tchaik-10-29-CELLO-2.pdf,PDFs/Tchaikovsky/1812-Overture/CURRENT/VC-2.pdf,VC-2,CELLO-2,explicit,SKIPPED-OLDER-SEMESTER-OR-VERSION:DATE-MMDD:1029; kept DATE-MMDD:1029,NO,not a COPY row,NO,not a COPY row
COPY,SRYSO-Student-Folders/2025-3-Fall/ALPHA_ 2025 Fall SRYSO/1812 Overture/1812-NEW-PARTS-10-29/1812-Tchaik-10-29-CELLO-2.pdf,PDFs/Tchaikovsky/1812-Overture/CURRENT/VC-2.pdf,VC-2,CELLO-2,explicit,KEPT-LATEST:DATE-MMDD:1029 | SELECTED-BEST-CANDIDATE,YES,copied,YES,copied
SKIP,SRYSO-Student-Folders/2023-3-Fall/1812 Overture/1812-NEW-PARTS-10-29/1812-Tchaik-10-29-SCORE.pdf,PDFs/Tchaikovsky/1812-Overture/CURRENT/SCORE.pdf,SCORE,SCORE,explicit,SKIPPED-OLDER-SEMESTER-OR-VERSION:DATE-MMDD:1029; kept DATE-MMDD:1029,NO,not a COPY row,NO,not a COPY row
COPY,SRYSO-Student-Folders/2025-3-Fall/ALPHA_ 2025 Fall SRYSO/1812 Overture/1812-NEW-PARTS-10-29/1812-Tchaik-10-29-SCORE.pdf,PDFs/Tchaikovsky/1812-Overture/CURRENT/SCORE.pdf,SCORE,SCORE,explicit,KEPT-LATEST:DATE-MMDD:1029 | SELECTED-BEST-CANDIDATE,YES,copied,YES,copied
COPY,SRYSO-Student-Folders/2023-3-Fall/1812 Overture/1812-NEW-PARTS-10-29/1812-Tchaik-10-29-VIOLA.pdf,PDFs/Tchaikovsky/1812-Overture/CURRENT/VA.pdf,VA,VIOLA,explicit,KEPT-LATEST:DATE-MMDD:1029,YES,copied,YES,copied
SKIP,SRYSO-Student-Folders/2023-3-Fall/1812 Overture/1812-NEW-PARTS-10-29/1812-Tchaik-10-29-VIOLIN-1.pdf,PDFs/Tchaikovsky/1812-Overture/CURRENT/VN-1.pdf,VN-1,VIOLIN 1,explicit,SKIPPED-OLDER-SEMESTER-OR-VERSION:DATE-MMDD:1029; kept DATE-MMDD:1029,NO,not a COPY row,NO,not a COPY row
COPY,SRYSO-Student-Folders/2025-3-Fall/ALPHA_ 2025 Fall SRYSO/1812 Overture/1812-NEW-PARTS-10-29/1812-Tchaik-10-29-VIOLIN-1.pdf,PDFs/Tchaikovsky/1812-Overture/CURRENT/VN-1.pdf,VN-1,VIOLIN 1,explicit,KEPT-LATEST:DATE-MMDD:1029 | SELECTED-BEST-CANDIDATE,YES,copied,YES,copied
COPY,SRYSO-Student-Folders/2023-3-Fall/1812 Overture/1812-NEW-PARTS-10-29/1812-Tchaik-10-29-VIOLIN-2.pdf,PDFs/Tchaikovsky/1812-Overture/CURRENT/VN-2.pdf,VN-2,VIOLIN 2,explicit,KEPT-LATEST:DATE-MMDD:1029,YES,copied,YES,copied
SKIP,SRYSO-Student-Folders/2023-3-Fall/Mia & Sebastian_s Theme/Cello I Mia & Sebastian.pdf,PDFs/Hurwitz/Mia-and-Sebastian-Theme/CURRENT/VC-1.pdf,VC-1,Cello I,explicit,SKIPPED-OLDER-SEMESTER-OR-VERSION:NO-VERSION; kept NO-VERSION,NO,not a COPY row,NO,not a COPY row
COPY,SRYSO-Student-Folders/2025-3-Fall/ALPHA_ 2025 Fall SRYSO/Mia & Sebastian_s Theme/Cello I Mia & Sebastian.pdf,PDFs/Hurwitz/Mia-and-Sebastian-Theme/CURRENT/VC-1.pdf,VC-1,Cello I,explicit,SELECTED-BEST-CANDIDATE,YES,copied,YES,copied
COPY,SRYSO-Student-Folders/2023-3-Fall/Mia & Sebastian_s Theme/Cello II Mia & Sebastian.pdf,PDFs/Hurwitz/Mia-and-Sebastian-Theme/CURRENT/VC-2.pdf,VC-2,Cello II,explicit,,YES,copied,YES,copied
COPY,SRYSO-Student-Folders/2023-3-Fall/Mia & Sebastian_s Theme/Full Score Mia & Sebastian.pdf,PDFs/Hurwitz/Mia-and-Sebastian-Theme/CURRENT/SCORE.pdf,SCORE,score,explicit-anywhere,,YES,copied,YES,copied
SKIP,SRYSO-Student-Folders/2023-3-Fall/Mia & Sebastian_s Theme/Viola Mia & Sebastian.pdf,PDFs/Hurwitz/Mia-and-Sebastian-Theme/CURRENT/VA.pdf,VA,Viola,explicit,SKIPPED-OLDER-SEMESTER-OR-VERSION:NO-VERSION; kept NO-VERSION,NO,not a COPY row,NO,not a COPY row
COPY,SRYSO-Student-Folders/2025-3-Fall/ALPHA_ 2025 Fall SRYSO/Mia & Sebastian_s Theme/Viola Mia & Sebastian.pdf,PDFs/Hurwitz/Mia-and-Sebastian-Theme/CURRENT/VA.pdf,VA,Viola,explicit,SELECTED-BEST-CANDIDATE,YES,copied,YES,copied
SKIP,SRYSO-Student-Folders/2023-3-Fall/Mia & Sebastian_s Theme/Violin II Mia & Sebastian.pdf,PDFs/Hurwitz/Mia-and-Sebastian-Theme/CURRENT/VN-2.pdf,VN-2,Violin II,explicit,SKIPPED-OLDER-SEMESTER-OR-VERSION:NO-VERSION; kept NO-VERSION,NO,not a COPY row,NO,not a COPY row
COPY,SRYSO-Student-Folders/2025-3-Fall/ALPHA_ 2025 Fall SRYSO/Mia & Sebastian_s Theme/Violin II Mia & Sebastian.pdf,PDFs/Hurwitz/Mia-and-Sebastian-Theme/CURRENT/VN-2.pdf,VN-2,Violin II,explicit,SELECTED-BEST-CANDIDATE,YES,copied,YES,copied
SKIP,SRYSO-Student-Folders/2023-3-Fall/Mia & Sebastian_s Theme/Violin III Mia & Sebastian.pdf,PDFs/Hurwitz/Mia-and-Sebastian-Theme/CURRENT/VN-3.pdf,VN-3,Violin III,explicit,SKIPPED-OLDER-SEMESTER-OR-VERSION:NO-VERSION; kept NO-VERSION,NO,not a COPY row,NO,not a COPY row
COPY,SRYSO-Student-Folders/2025-3-Fall/ALPHA_ 2025 Fall SRYSO/Mia & Sebastian_s Theme/Violin III Mia & Sebastian.pdf,PDFs/Hurwitz/Mia-and-Sebastian-Theme/CURRENT/VN-3.pdf,VN-3,Violin III,explicit,SELECTED-BEST-CANDIDATE,YES,copied,YES,copied
SKIP,SRYSO-Student-Folders/2024-1-Winter/Brandenburg-3-Bach/Brandenburg-3-[ver-1]-CELLO.pdf,PDFs/Bach/Brandenburg-3-Mvt-1/CURRENT/VC.pdf,VC,CELLO,explicit,SKIPPED-OLDER-SEMESTER-OR-VERSION:REV:1; kept REV:1,NO,not a COPY row,NO,not a COPY row
COPY,SRYSO-Student-Folders/2025-3-Fall/ALPHA_ 2025 Fall SRYSO/Brandenburg-3-Bach/Brandenburg-3-[ver-1]-CELLO.pdf,PDFs/Bach/Brandenburg-3-Mvt-1/CURRENT/VC.pdf,VC,CELLO,explicit,KEPT-LATEST:REV:1 | SELECTED-BEST-CANDIDATE,YES,copied,YES,copied
SKIP,SRYSO-Student-Folders/2024-1-Winter/Brandenburg-3-Bach/Brandenburg-3-[ver-1]-PIANO.pdf,PDFs/Bach/Brandenburg-3-Mvt-1/CURRENT/PF.pdf,PF,PIANO,explicit,SKIPPED-OLDER-SEMESTER-OR-VERSION:REV:1; kept REV:1,NO,not a COPY row,NO,not a COPY row
COPY,SRYSO-Student-Folders/2025-3-Fall/ALPHA_ 2025 Fall SRYSO/Brandenburg-3-Bach/Brandenburg-3-[ver-1]-PIANO.pdf,PDFs/Bach/Brandenburg-3-Mvt-1/CURRENT/PF.pdf,PF,PIANO,explicit,KEPT-LATEST:REV:1 | SELECTED-BEST-CANDIDATE,YES,copied,YES,copied
SKIP,SRYSO-Student-Folders/2024-1-Winter/Brandenburg-3-Bach/Brandenburg-3-[ver-1]-SCORE.pdf,PDFs/Bach/Brandenburg-3-Mvt-1/CURRENT/SCORE.pdf,SCORE,SCORE,explicit,SKIPPED-OLDER-SEMESTER-OR-VERSION:REV:1; kept REV:1,NO,not a COPY row,NO,not a COPY row
COPY,SRYSO-Student-Folders/2025-3-Fall/ALPHA_ 2025 Fall SRYSO/Brandenburg-3-Bach/Brandenburg-3-[ver-1]-SCORE.pdf,PDFs/Bach/Brandenburg-3-Mvt-1/CURRENT/SCORE.pdf,SCORE,SCORE,explicit,KEPT-LATEST:REV:1 | SELECTED-BEST-CANDIDATE,YES,copied,YES,copied
SKIP,SRYSO-Student-Folders/2024-1-Winter/Brandenburg-3-Bach/Brandenburg-3-[ver-1]-VIOLA.pdf,PDFs/Bach/Brandenburg-3-Mvt-1/CURRENT/VA.pdf,VA,VIOLA,explicit,SKIPPED-OLDER-SEMESTER-OR-VERSION:REV:1; kept REV:1,NO,not a COPY row,NO,not a COPY row
COPY,SRYSO-Student-Folders/2025-3-Fall/ALPHA_ 2025 Fall SRYSO/Brandenburg-3-Bach/Brandenburg-3-[ver-1]-VIOLA.pdf,PDFs/Bach/Brandenburg-3-Mvt-1/CURRENT/VA.pdf,VA,VIOLA,explicit,KEPT-LATEST:REV:1 | SELECTED-BEST-CANDIDATE,YES,copied,YES,copied
SKIP,SRYSO-Student-Folders/2024-1-Winter/Brandenburg-3-Bach/Brandenburg-3-[ver-1]-VIOLIN-1.pdf,PDFs/Bach/Brandenburg-3-Mvt-1/CURRENT/VN-1.pdf,VN-1,VIOLIN 1,explicit,SKIPPED-OLDER-SEMESTER-OR-VERSION:REV:1; kept REV:1,NO,not a COPY row,NO,not a COPY row
COPY,SRYSO-Student-Folders/2025-3-Fall/ALPHA_ 2025 Fall SRYSO/Brandenburg-3-Bach/Brandenburg-3-[ver-1]-VIOLIN-1.pdf,PDFs/Bach/Brandenburg-3-Mvt-1/CURRENT/VN-1.pdf,VN-1,VIOLIN 1,explicit,KEPT-LATEST:REV:1 | SELECTED-BEST-CANDIDATE,YES,copied,YES,copied
COPY,SRYSO-Student-Folders/2024-1-Winter/Habanera-Bizet/Carmen-Habanera-[ver-3]-Cello-1.pdf,PDFs/Bizet/Habanera/CURRENT/VC-1.pdf,VC-1,Cello-1,explicit,KEPT-LATEST:REV:3,YES,copied,YES,copied
COPY,SRYSO-Student-Folders/2024-1-Winter/Habanera-Bizet/Carmen-Habanera-[ver-3]-Cello-2.pdf,PDFs/Bizet/Habanera/CURRENT/VC-2.pdf,VC-2,Cello-2,explicit,KEPT-LATEST:REV:3,YES,copied,YES,copied
COPY,SRYSO-Student-Folders/2024-1-Winter/Habanera-Bizet/Carmen-Habanera-[ver-3]-Score.pdf,PDFs/Bizet/Habanera/CURRENT/SCORE.pdf,SCORE,Score,explicit,KEPT-LATEST:REV:3,YES,copied,YES,copied
COPY,SRYSO-Student-Folders/2024-1-Winter/Habanera-Bizet/Carmen-Habanera-[ver-3]-Viola.pdf,PDFs/Bizet/Habanera/CURRENT/VA.pdf,VA,Viola,explicit,KEPT-LATEST:REV:3,YES,copied,YES,copied
COPY,SRYSO-Student-Folders/2024-1-Winter/Habanera-Bizet/Carmen-Habanera-[ver-3]-Violin-1.pdf,PDFs/Bizet/Habanera/CURRENT/VN-1.pdf,VN-1,Violin 1,explicit,KEPT-LATEST:REV:3,YES,copied,YES,copied
SKIP,SRYSO-Student-Folders/2024-1-Winter/Wishing-Ffrench/Wishing-2024-02-15-SCORE.pdf,PDFs/Ffrench/Wishing/CURRENT/SCORE.pdf,SCORE,SCORE,explicit,SKIPPED-OLDER-SEMESTER-OR-VERSION:DATE:20240215; kept REV:4,NO,not a COPY row,NO,not a COPY row
COPY,SRYSO-Student-Folders/2026-1-Winter/ALPHA_ 2026 Winter SRYSO/Wishing-Ffrench/Wishing-Ver-4-SCORE.pdf,PDFs/Ffrench/Wishing/CURRENT/SCORE.pdf,SCORE,SCORE,explicit,KEPT-LATEST:REV:4 | SELECTED-BEST-CANDIDATE,YES,copied,YES,copied
SKIP,SRYSO-Student-Folders/2024-1-Winter/Wishing-Ffrench/Wishing-2024-02-15-Viola.pdf,PDFs/Ffrench/Wishing/CURRENT/VA.pdf,VA,Viola,explicit,SKIPPED-OLDER-SEMESTER-OR-VERSION:DATE:20240215; kept REV:4,NO,not a COPY row,NO,not a COPY row
COPY,SRYSO-Student-Folders/2026-1-Winter/ALPHA_ 2026 Winter SRYSO/Wishing-Ffrench/Wishing-Ver-4-Vla.pdf,PDFs/Ffrench/Wishing/CURRENT/VA.pdf,VA,Vla,explicit,KEPT-LATEST:REV:4 | SELECTED-BEST-CANDIDATE,YES,copied,YES,copied
COPY,SRYSO-Student-Folders/2024-1-Winter/Wishing-Ffrench/Wishing-2024-02-15-Violin-1.pdf,PDFs/Ffrench/Wishing/CURRENT/VN-1.pdf,VN-1,Violin 1,explicit,KEPT-LATEST:DATE:20240215,YES,copied,YES,copied
SKIP,SRYSO-Student-Folders/2024-1-Winter/Wishing-Ffrench/Wishing-2024-02-15-Violoncello-2.pdf,PDFs/Ffrench/Wishing/CURRENT/VC-2.pdf,VC-2,Violoncello-2,explicit,SKIPPED-OLDER-SEMESTER-OR-VERSION:DATE:20240215; kept REV:4,NO,not a COPY row,NO,not a COPY row
COPY,SRYSO-Student-Folders/2026-1-Winter/ALPHA_ 2026 Winter SRYSO/Wishing-Ffrench/Wishing-Ver-4-Vc-2.pdf,PDFs/Ffrench/Wishing/CURRENT/VC-2.pdf,VC-2,Vc-2,explicit,KEPT-LATEST:REV:4 | SELECTED-BEST-CANDIDATE,YES,copied,YES,copied
COPY,SRYSO-Student-Folders/2024-1-Winter/Wishing-Ffrench/Wishing-Solo-Piano.pdf,PDFs/Ffrench/Wishing/CURRENT/PF.pdf,PF,Piano,explicit,,YES,copied,YES,copied
COPY,SRYSO-Student-Folders/2024-2-Spring/Bach - Air on the G String/Air-G-String-Rev-1-Cello-1.pdf,PDFs/Bach/Air-on-the-G-String/CURRENT/VC-1.pdf,VC-1,Cello-1,explicit,KEPT-LATEST:REV:1,YES,copied,YES,copied
COPY,SRYSO-Student-Folders/2024-2-Spring/Bach - Air on the G String/Air-G-String-Rev-1-Cello-2.pdf,PDFs/Bach/Air-on-the-G-String/CURRENT/VC-2.pdf,VC-2,Cello-2,explicit,KEPT-LATEST:REV:1,YES,copied,YES,copied
COPY,SRYSO-Student-Folders/2024-2-Spring/Bach - Air on the G String/Air-G-String-Rev-1-Viola.pdf,PDFs/Bach/Air-on-the-G-String/CURRENT/VA.pdf,VA,Viola,explicit,KEPT-LATEST:REV:1,YES,copied,YES,copied
COPY,SRYSO-Student-Folders/2024-2-Spring/Bach - Air on the G String/Air-G-String-Rev-1-Violin-1.pdf,PDFs/Bach/Air-on-the-G-String/CURRENT/VN-1.pdf,VN-1,Violin 1,explicit,KEPT-LATEST:REV:1,YES,copied,YES,copied
COPY,SRYSO-Student-Folders/2024-2-Spring/Bach - Air on the G String/Air-G-String-Rev-1-Violin-2.pdf,PDFs/Bach/Air-on-the-G-String/CURRENT/VN-2.pdf,VN-2,Violin-2,explicit,KEPT-LATEST:REV:1,YES,copied,YES,copied
COPY,SRYSO-Student-Folders/2024-2-Spring/Bach - Air on the G String/Air-G-String-Rev-1.pdf,PDFs/Bach/Air-on-the-G-String/CURRENT/SCORE.pdf,SCORE,,assumed-score,KEPT-LATEST:REV:1,YES,copied,YES,copied
SKIP,SRYSO-Student-Folders/2024-2-Spring/Mozart -Eine Kleine Nachtmusik/Viola Eine-Kleine-REV-3.pdf,PDFs/Mozart/Eine-Kleine-Nachtmusik/CURRENT/VA.pdf,VA,Viola,explicit,SKIPPED-OLDER-SEMESTER-OR-VERSION:REV:3; kept REV:4,NO,not a COPY row,NO,not a COPY row
COPY,SRYSO-Student-Folders/2026-2-Spring/ALPHA_ 2026 Spring SRYSO/Eine-Kleine-Nachtmusik/Eine-Kleine-REV-4-Viola.pdf,PDFs/Mozart/Eine-Kleine-Nachtmusik/CURRENT/VA.pdf,VA,Viola,explicit,KEPT-LATEST:REV:4 | SELECTED-BEST-CANDIDATE,YES,copied,YES,copied
SKIP,SRYSO-Student-Folders/2024-2-Spring/Mozart -Eine Kleine Nachtmusik/Violin I Eine-Kleine-REV-3.pdf,PDFs/Mozart/Eine-Kleine-Nachtmusik/CURRENT/VN-1.pdf,VN-1,Violin I,explicit,SKIPPED-OLDER-SEMESTER-OR-VERSION:REV:3; kept REV:4,NO,not a COPY row,NO,not a COPY row
COPY,SRYSO-Student-Folders/2026-2-Spring/ALPHA_ 2026 Spring SRYSO/Eine-Kleine-Nachtmusik/Eine-Kleine-REV-4-Violin-1.pdf,PDFs/Mozart/Eine-Kleine-Nachtmusik/CURRENT/VN-1.pdf,VN-1,Violin 1,explicit,KEPT-LATEST:REV:4 | SELECTED-BEST-CANDIDATE,YES,copied,YES,copied
COPY,SRYSO-Student-Folders/2024-2-Spring/Mozart -Eine Kleine Nachtmusik/Violin II Eine-Kleine-REV-3.pdf,PDFs/Mozart/Eine-Kleine-Nachtmusik/CURRENT/VN-2.pdf,VN-2,Violin II,explicit,KEPT-LATEST:REV:3,YES,copied,YES,copied
COPY,SRYSO-Student-Folders/2024-2-Spring/Naruto - Sadness & Sorrow/Sadness-Sorrow-Rev-1-Cello-1.pdf,PDFs/Toshio-Masuda/Naruto-Sadness-and-Sorrow/CURRENT/VC-1.pdf,VC-1,Cello-1,explicit,KEPT-LATEST:REV:1,YES,copied,YES,copied
COPY,SRYSO-Student-Folders/2024-2-Spring/Naruto - Sadness & Sorrow/Sadness-Sorrow-Rev-1-Cello-2.pdf,PDFs/Toshio-Masuda/Naruto-Sadness-and-Sorrow/CURRENT/VC-2.pdf,VC-2,Cello-2,explicit,KEPT-LATEST:REV:1,YES,copied,YES,copied
COPY,SRYSO-Student-Folders/2024-2-Spring/Naruto - Sadness & Sorrow/Sadness-Sorrow-Rev-1-Violin-1.pdf,PDFs/Toshio-Masuda/Naruto-Sadness-and-Sorrow/CURRENT/VN-1.pdf,VN-1,Violin 1,explicit,KEPT-LATEST:REV:1,YES,copied,YES,copied
COPY,SRYSO-Student-Folders/2024-2-Spring/Naruto - Sadness & Sorrow/Sadness-Sorrow-Rev-1-Violin-2.pdf,PDFs/Toshio-Masuda/Naruto-Sadness-and-Sorrow/CURRENT/VN-2.pdf,VN-2,Violin-2,explicit,KEPT-LATEST:REV:1,YES,copied,YES,copied
SKIP,SRYSO-Student-Folders/2024-3-Fall/Corelli-xmas-cto/Copy of Corelli-Xmas-Cto-G-Min-Op-6-No-8-Viola.pdf,PDFs/Corelli/Christmas-Concerto/CURRENT/VA.pdf,VA,Viola,explicit,SKIPPED-OLDER-SEMESTER-OR-VERSION:NO-VERSION; kept NO-VERSION,NO,not a COPY row,NO,not a COPY row
COPY,SRYSO-Student-Folders/2024-3-Fall/Corelli-xmas-cto/Corelli-Xmas-Cto-G-Min-Op-6-No-8-Viola.pdf,PDFs/Corelli/Christmas-Concerto/CURRENT/VA.pdf,VA,Viola,explicit,SELECTED-BEST-CANDIDATE,YES,copied,YES,copied
SKIP,SRYSO-Student-Folders/2024-3-Fall/Corelli-xmas-cto/Copy of Corelli-Xmas-Cto-G-Min-Op-6-No-8-Violin-2-Rip.pdf,PDFs/Corelli/Christmas-Concerto/CURRENT/VN-2.pdf,VN-2,Violin-2-Rip,explicit,SKIPPED-OLDER-SEMESTER-OR-VERSION:NO-VERSION; kept NO-VERSION,NO,not a COPY row,NO,not a COPY row
COPY,SRYSO-Student-Folders/2024-3-Fall/Corelli-xmas-cto/Corelli-Xmas-Cto-G-Min-Op-6-No-8-Violin-2-Rip.pdf,PDFs/Corelli/Christmas-Concerto/CURRENT/VN-2.pdf,VN-2,Violin-2-Rip,explicit,SELECTED-BEST-CANDIDATE,YES,copied,YES,copied
COPY,SRYSO-Student-Folders/2024-3-Fall/Corelli-xmas-cto/Corelli-Xmas-Cto-G-Min-Op-6-No-8-Basso.pdf,PDFs/Corelli/Christmas-Concerto/CURRENT/VC.pdf,VC,Basso,explicit,,YES,copied,YES,copied
COPY,SRYSO-Student-Folders/2024-3-Fall/Corelli-xmas-cto/Corelli-Xmas-Cto-G-Min-Op-6-No-8-Cello-Solo.pdf,PDFs/Corelli/Christmas-Concerto/CURRENT/VC-SOLO.pdf,VC-SOLO,Cello Solo,explicit,,YES,copied,YES,copied
COPY,SRYSO-Student-Folders/2024-3-Fall/Corelli-xmas-cto/Corelli-Xmas-Cto-G-Min-Op-6-No-8-Violin-1-Solo.pdf,PDFs/Corelli/Christmas-Concerto/CURRENT/VN-1-SOLO.pdf,VN-1-SOLO,Violin-1-Solo,explicit,,YES,copied,YES,copied
COPY,SRYSO-Student-Folders/2024-3-Fall/Corelli-xmas-cto/Corelli-Xmas-Cto-G-Min-Op-6-No-8-Violin-2-Solo.pdf,PDFs/Corelli/Christmas-Concerto/CURRENT/VN-2-SOLO.pdf,VN-2-SOLO,Violin-2-Solo,explicit,,YES,copied,YES,copied
SKIP,SRYSO-Student-Folders/2024-3-Fall/Corelli-xmas-cto/Xmas-Cto-Cello-Viola/Corelli-Xmas-Cello-Viola.pdf,PDFs/Corelli/Christmas-Concerto/CURRENT/VC-FROM-VA.pdf,VC-FROM-VA,Cello-Viola,explicit,SKIPPED-OLDER-SEMESTER-OR-VERSION:NO-VERSION; kept NO-VERSION,NO,not a COPY row,NO,not a COPY row
COPY,SRYSO-Student-Folders/2024-3-Fall/Corelli-xmas-cto/Xmas-Cto-Cello-Viola/Corelli-Xmas-Cto-Cello-Viola.pdf,PDFs/Corelli/Christmas-Concerto/CURRENT/VC-FROM-VA.pdf,VC-FROM-VA,Cello-Viola,explicit,SELECTED-BEST-CANDIDATE,YES,copied,YES,copied
COPY,SRYSO-Student-Folders/2024-3-Fall/Corelli-xmas-cto/Xmas-Cto-Cello-Viola/Corelli-Xmas-Viola-Vn-2-Rip.pdf,PDFs/Corelli/Christmas-Concerto/CURRENT/VA-VN-2-RIP.pdf,VA-VN-2-RIP,Viola-Vn-2-Rip,explicit,,YES,copied,YES,copied
COPY,SRYSO-Student-Folders/2024-3-Fall/Finlandia/Finlandia-Ver-2-Cello-1.pdf,PDFs/Sibelius/Finlandia/CURRENT/VC-1.pdf,VC-1,Cello-1,explicit,KEPT-LATEST:REV:2 | SELECTED-BEST-CANDIDATE,YES,copied,YES,copied
SKIP,SRYSO-Student-Folders/2024-3-Fall/Finlandia/VERSION-1/Finlandia-Ver-1-Cello-1.pdf,PDFs/Sibelius/Finlandia/CURRENT/VC-1.pdf,VC-1,Cello-1,explicit,SKIPPED-OLDER-SEMESTER-OR-VERSION:REV:1; kept REV:2,NO,not a COPY row,NO,not a COPY row
COPY,SRYSO-Student-Folders/2024-3-Fall/Finlandia/Finlandia-Ver-2-Violin-1.pdf,PDFs/Sibelius/Finlandia/CURRENT/VN-1.pdf,VN-1,Violin 1,explicit,KEPT-LATEST:REV:2 | SELECTED-BEST-CANDIDATE,YES,copied,YES,copied
SKIP,SRYSO-Student-Folders/2024-3-Fall/Finlandia/VERSION-1/Finlandia-Ver-1-Violin-1.pdf,PDFs/Sibelius/Finlandia/CURRENT/VN-1.pdf,VN-1,Violin 1,explicit,SKIPPED-OLDER-SEMESTER-OR-VERSION:REV:1; kept REV:2,NO,not a COPY row,NO,not a COPY row
COPY,SRYSO-Student-Folders/2024-3-Fall/Finlandia/Finlandia-Ver-2-Violin-2.pdf,PDFs/Sibelius/Finlandia/CURRENT/VN-2.pdf,VN-2,Violin-2,explicit,KEPT-LATEST:REV:2 | SELECTED-BEST-CANDIDATE,YES,copied,YES,copied
SKIP,SRYSO-Student-Folders/2024-3-Fall/Finlandia/VERSION-1/Finlandia-Ver-1-Violin-2.pdf,PDFs/Sibelius/Finlandia/CURRENT/VN-2.pdf,VN-2,Violin-2,explicit,SKIPPED-OLDER-SEMESTER-OR-VERSION:REV:1; kept REV:2,NO,not a COPY row,NO,not a COPY row
COPY,SRYSO-Student-Folders/2024-3-Fall/Finlandia/Finlandia-Ver-2.pdf,PDFs/Sibelius/Finlandia/CURRENT/SCORE.pdf,SCORE,,assumed-score,KEPT-LATEST:REV:2 | SELECTED-BEST-CANDIDATE,YES,copied,YES,copied
SKIP,SRYSO-Student-Folders/2024-3-Fall/Finlandia/VERSION-1/Finlandia-Ver-1.pdf,PDFs/Sibelius/Finlandia/CURRENT/SCORE.pdf,SCORE,,assumed-score,SKIPPED-OLDER-SEMESTER-OR-VERSION:REV:1; kept REV:2,NO,not a COPY row,NO,not a COPY row
COPY,SRYSO-Student-Folders/2024-3-Fall/Finlandia/VERSION-1/Finlandia-Ver-1-Cello-2.pdf,PDFs/Sibelius/Finlandia/CURRENT/VC-2.pdf,VC-2,Cello-2,explicit,KEPT-LATEST:REV:1,YES,copied,YES,copied
COPY,SRYSO-Student-Folders/2024-3-Fall/Finlandia/VERSION-1/Finlandia-Ver-1-Viola.pdf,PDFs/Sibelius/Finlandia/CURRENT/VA.pdf,VA,Viola,explicit,KEPT-LATEST:REV:1,YES,copied,YES,copied
COPY,SRYSO-Student-Folders/2024-3-Fall/Mozart-40/Mozart-40-7-Voices-Ver-2-Cello-2.pdf,PDFs/Mozart/Symphony-40/CURRENT/VC-2.pdf,VC-2,Cello-2,explicit,KEPT-LATEST:REV:2,YES,copied,YES,copied
COPY,SRYSO-Student-Folders/2024-3-Fall/Mozart-40/Mozart-40-7-Voices-Ver-2-Viola-1.pdf,PDFs/Mozart/Symphony-40/CURRENT/VA-1.pdf,VA-1,Viola-1,explicit,KEPT-LATEST:REV:2,YES,copied,YES,copied
COPY,SRYSO-Student-Folders/2024-3-Fall/Mozart-40/Mozart-40-7-Voices-Ver-2-Viola-2.pdf,PDFs/Mozart/Symphony-40/CURRENT/VA-2.pdf,VA-2,Viola-2,explicit,KEPT-LATEST:REV:2,YES,copied,YES,copied
COPY,SRYSO-Student-Folders/2024-3-Fall/Mozart-40/Mozart-40-7-Voices-Ver-2-Violin-1.pdf,PDFs/Mozart/Symphony-40/CURRENT/VN-1.pdf,VN-1,Violin 1,explicit,KEPT-LATEST:REV:2,YES,copied,YES,copied
COPY,SRYSO-Student-Folders/2024-3-Fall/Mozart-40/Mozart-40-7-Voices-Ver-2-Violin-2.pdf,PDFs/Mozart/Symphony-40/CURRENT/VN-2.pdf,VN-2,Violin-2,explicit,KEPT-LATEST:REV:2,YES,copied,YES,copied
COPY,SRYSO-Student-Folders/2024-3-Fall/Mozart-40/Mozart-40-7-Voices-Ver-2-Violin-3.pdf,PDFs/Mozart/Symphony-40/CURRENT/VN-3.pdf,VN-3,Violin-3,explicit,KEPT-LATEST:REV:2,YES,copied,YES,copied
COPY,SRYSO-Student-Folders/2024-3-Fall/Up-Theme-Married-Life/Married-Life-7-Voices-Ver-1-Cello-1.pdf,PDFs/Giacchino/Married-Life/CURRENT/VC-1.pdf,VC-1,Cello-1,explicit,KEPT-LATEST:REV:1,YES,copied,YES,copied
COPY,SRYSO-Student-Folders/2024-3-Fall/Up-Theme-Married-Life/Married-Life-7-Voices-Ver-1-Cello-2.pdf,PDFs/Giacchino/Married-Life/CURRENT/VC-2.pdf,VC-2,Cello-2,explicit,KEPT-LATEST:REV:1,YES,copied,YES,copied
COPY,SRYSO-Student-Folders/2024-3-Fall/Up-Theme-Married-Life/Married-Life-7-Voices-Ver-1-Viola-1.pdf,PDFs/Giacchino/Married-Life/CURRENT/VA-1.pdf,VA-1,Viola-1,explicit,KEPT-LATEST:REV:1,YES,copied,YES,copied
COPY,SRYSO-Student-Folders/2024-3-Fall/Up-Theme-Married-Life/Married-Life-7-Voices-Ver-1-Viola-2.pdf,PDFs/Giacchino/Married-Life/CURRENT/VA-2.pdf,VA-2,Viola-2,explicit,KEPT-LATEST:REV:1,YES,copied,YES,copied
COPY,SRYSO-Student-Folders/2024-3-Fall/Up-Theme-Married-Life/Married-Life-7-Voices-Ver-1-Violin-1.pdf,PDFs/Giacchino/Married-Life/CURRENT/VN-1.pdf,VN-1,Violin 1,explicit,KEPT-LATEST:REV:1,YES,copied,YES,copied
COPY,SRYSO-Student-Folders/2024-3-Fall/Up-Theme-Married-Life/Married-Life-7-Voices-Ver-1-Violin-2.pdf,PDFs/Giacchino/Married-Life/CURRENT/VN-2.pdf,VN-2,Violin-2,explicit,KEPT-LATEST:REV:1,YES,copied,YES,copied
COPY,SRYSO-Student-Folders/2024-3-Fall/Up-Theme-Married-Life/Married-Life-7-Voices-Ver-1-Violin-3.pdf,PDFs/Giacchino/Married-Life/CURRENT/VN-3.pdf,VN-3,Violin-3,explicit,KEPT-LATEST:REV:1,YES,copied,YES,copied
COPY,SRYSO-Student-Folders/2025-1-Winter/Jurassic-Park/Jurassic-Ver-1-Cello-1.pdf,PDFs/Williams/Jurassic-Park/CURRENT/VC-1.pdf,VC-1,Cello-1,explicit,KEPT-LATEST:REV:1,YES,copied,YES,copied
COPY,SRYSO-Student-Folders/2025-1-Winter/Jurassic-Park/Jurassic-Ver-1-Cello-2.pdf,PDFs/Williams/Jurassic-Park/CURRENT/VC-2.pdf,VC-2,Cello-2,explicit,KEPT-LATEST:REV:1,YES,copied,YES,copied
COPY,SRYSO-Student-Folders/2025-1-Winter/Jurassic-Park/Jurassic-Ver-1-Viola-1.pdf,PDFs/Williams/Jurassic-Park/CURRENT/VA-1.pdf,VA-1,Viola-1,explicit,KEPT-LATEST:REV:1,YES,copied,YES,copied
COPY,SRYSO-Student-Folders/2025-1-Winter/Jurassic-Park/Jurassic-Ver-1-Violin-2.pdf,PDFs/Williams/Jurassic-Park/CURRENT/VN-2.pdf,VN-2,Violin-2,explicit,KEPT-LATEST:REV:1,YES,copied,YES,copied
COPY,SRYSO-Student-Folders/2025-1-Winter/Jurassic-Park/Jurassic-Ver-1-Violin-3.pdf,PDFs/Williams/Jurassic-Park/CURRENT/VN-3.pdf,VN-3,Violin-3,explicit,KEPT-LATEST:REV:1,YES,copied,YES,copied
COPY,SRYSO-Student-Folders/2025-1-Winter/Jurassic-Park/Jurassic-Ver-1.pdf,PDFs/Williams/Jurassic-Park/CURRENT/SCORE.pdf,SCORE,,assumed-score,KEPT-LATEST:REV:1,YES,copied,YES,copied
COPY,SRYSO-Student-Folders/2025-1-Winter/Queen-of-Night-Mozart/Queen-Night-Ver-1-Cello-1.pdf,PDFs/Mozart/Queen-of-the-Night/CURRENT/VC-1.pdf,VC-1,Cello-1,explicit,KEPT-LATEST:REV:1,YES,copied,YES,copied
COPY,SRYSO-Student-Folders/2025-1-Winter/Queen-of-Night-Mozart/Queen-Night-Ver-1-Cello-2.pdf,PDFs/Mozart/Queen-of-the-Night/CURRENT/VC-2.pdf,VC-2,Cello-2,explicit,KEPT-LATEST:REV:1,YES,copied,YES,copied
COPY,SRYSO-Student-Folders/2025-1-Winter/Queen-of-Night-Mozart/Queen-Night-Ver-1-Viola-1.pdf,PDFs/Mozart/Queen-of-the-Night/CURRENT/VA-1.pdf,VA-1,Viola-1,explicit,KEPT-LATEST:REV:1,YES,copied,YES,copied
COPY,SRYSO-Student-Folders/2025-1-Winter/Queen-of-Night-Mozart/Queen-Night-Ver-1-Viola-2.pdf,PDFs/Mozart/Queen-of-the-Night/CURRENT/VA-2.pdf,VA-2,Viola-2,explicit,KEPT-LATEST:REV:1,YES,copied,YES,copied
COPY,SRYSO-Student-Folders/2025-1-Winter/Queen-of-Night-Mozart/Queen-Night-Ver-1-Violin-1.pdf,PDFs/Mozart/Queen-of-the-Night/CURRENT/VN-1.pdf,VN-1,Violin 1,explicit,KEPT-LATEST:REV:1,YES,copied,YES,copied
COPY,SRYSO-Student-Folders/2025-1-Winter/Queen-of-Night-Mozart/Queen-Night-Ver-1-Violin-2.pdf,PDFs/Mozart/Queen-of-the-Night/CURRENT/VN-2.pdf,VN-2,Violin-2,explicit,KEPT-LATEST:REV:1,YES,copied,YES,copied
COPY,SRYSO-Student-Folders/2025-1-Winter/Queen-of-Night-Mozart/Queen-Night-Ver-1-Violin-3.pdf,PDFs/Mozart/Queen-of-the-Night/CURRENT/VN-3.pdf,VN-3,Violin-3,explicit,KEPT-LATEST:REV:1,YES,copied,YES,copied
COPY,SRYSO-Student-Folders/2025-1-Winter/Queen-of-Night-Mozart/Queen-Night-Ver-1.pdf,PDFs/Mozart/Queen-of-the-Night/CURRENT/SCORE.pdf,SCORE,,assumed-score,KEPT-LATEST:REV:1,YES,copied,YES,copied
COPY,SRYSO-Student-Folders/2025-1-Winter/Vivaldi-Cto-RV-565 (Chamber Group ONLY)/Vivaldi-RV-565-Ver-1-Cello-Solo.pdf,PDFs/Vivaldi/Concerto-RV-565/CURRENT/VC-SOLO.pdf,VC-SOLO,Cello Solo,explicit,KEPT-LATEST:REV:1,YES,copied,YES,copied
COPY,SRYSO-Student-Folders/2025-1-Winter/Vivaldi-Cto-RV-565 (Chamber Group ONLY)/Vivaldi-RV-565-Ver-1-Cello.pdf,PDFs/Vivaldi/Concerto-RV-565/CURRENT/VC.pdf,VC,Cello,explicit,KEPT-LATEST:REV:1,YES,copied,YES,copied
COPY,SRYSO-Student-Folders/2025-1-Winter/Vivaldi-Cto-RV-565 (Chamber Group ONLY)/Vivaldi-RV-565-Ver-1-Viola.pdf,PDFs/Vivaldi/Concerto-RV-565/CURRENT/VA.pdf,VA,Viola,explicit,KEPT-LATEST:REV:1,YES,copied,YES,copied
COPY,SRYSO-Student-Folders/2025-1-Winter/Vivaldi-Cto-RV-565 (Chamber Group ONLY)/Vivaldi-RV-565-Ver-1-Violin-1-Solo.pdf,PDFs/Vivaldi/Concerto-RV-565/CURRENT/VN-1-SOLO.pdf,VN-1-SOLO,Violin-1-Solo,explicit,KEPT-LATEST:REV:1,YES,copied,YES,copied
COPY,SRYSO-Student-Folders/2025-1-Winter/Vivaldi-Cto-RV-565 (Chamber Group ONLY)/Vivaldi-RV-565-Ver-1-Violin-1.pdf,PDFs/Vivaldi/Concerto-RV-565/CURRENT/VN-1.pdf,VN-1,Violin 1,explicit,KEPT-LATEST:REV:1,YES,copied,YES,copied
COPY,SRYSO-Student-Folders/2025-1-Winter/Vivaldi-Cto-RV-565 (Chamber Group ONLY)/Vivaldi-RV-565-Ver-1-Violin-2-Solo.pdf,PDFs/Vivaldi/Concerto-RV-565/CURRENT/VN-2-SOLO.pdf,VN-2-SOLO,Violin-2-Solo,explicit,KEPT-LATEST:REV:1,YES,copied,YES,copied
COPY,SRYSO-Student-Folders/2025-1-Winter/Vivaldi-Cto-RV-565 (Chamber Group ONLY)/Vivaldi-RV-565-Ver-1-Violin-2.pdf,PDFs/Vivaldi/Concerto-RV-565/CURRENT/VN-2.pdf,VN-2,Violin-2,explicit,KEPT-LATEST:REV:1,YES,copied,YES,copied
COPY,SRYSO-Student-Folders/2025-2-Spring/Djawadi-Game-Thrones/Game-Thrones-VER-1-Cello-1.pdf,PDFs/Djawadi/Game-of-Thrones/CURRENT/VC-1.pdf,VC-1,Cello-1,explicit,KEPT-LATEST:REV:1,YES,copied,YES,copied
COPY,SRYSO-Student-Folders/2025-2-Spring/Djawadi-Game-Thrones/Game-Thrones-VER-1-Violas.pdf,PDFs/Djawadi/Game-of-Thrones/CURRENT/VA.pdf,VA,Violas,explicit,KEPT-LATEST:REV:1,YES,copied,YES,copied
COPY,SRYSO-Student-Folders/2025-2-Spring/Djawadi-Game-Thrones/Game-Thrones-VER-1-Violin-1.pdf,PDFs/Djawadi/Game-of-Thrones/CURRENT/VN-1.pdf,VN-1,Violin 1,explicit,KEPT-LATEST:REV:1,YES,copied,YES,copied
COPY,SRYSO-Student-Folders/2025-2-Spring/Djawadi-Game-Thrones/Game-Thrones-VER-1-Violin-2.pdf,PDFs/Djawadi/Game-of-Thrones/CURRENT/VN-2.pdf,VN-2,Violin-2,explicit,KEPT-LATEST:REV:1,YES,copied,YES,copied
COPY,SRYSO-Student-Folders/2025-2-Spring/Djawadi-Game-Thrones/Game-Thrones-VER-1.pdf,PDFs/Djawadi/Game-of-Thrones/CURRENT/SCORE.pdf,SCORE,,assumed-score,KEPT-LATEST:REV:1,YES,copied,YES,copied
COPY,SRYSO-Student-Folders/2025-2-Spring/Rossini-William-Tell/Violin-2-B-PARTS-HERE/William-Tell-VER-2.pdf,PDFs/Rossini/William-Tell/CURRENT/SCORE.pdf,SCORE,,assumed-score,KEPT-LATEST:REV:2 | SELECTED-BEST-CANDIDATE,YES,copied,YES,copied
SKIP,SRYSO-Student-Folders/2025-2-Spring/Rossini-William-Tell/William-Tell-VER-1.pdf,PDFs/Rossini/William-Tell/CURRENT/SCORE.pdf,SCORE,,assumed-score,SKIPPED-OLDER-SEMESTER-OR-VERSION:REV:1; kept REV:2,NO,not a COPY row,NO,not a COPY row
COPY,SRYSO-Student-Folders/2025-2-Spring/Rossini-William-Tell/William-Tell-VER-1-Cello-1.pdf,PDFs/Rossini/William-Tell/CURRENT/VC-1.pdf,VC-1,Cello-1,explicit,KEPT-LATEST:REV:1,YES,copied,YES,copied
COPY,SRYSO-Student-Folders/2025-2-Spring/Rossini-William-Tell/William-Tell-VER-1-Cello-2.pdf,PDFs/Rossini/William-Tell/CURRENT/VC-2.pdf,VC-2,Cello-2,explicit,KEPT-LATEST:REV:1,YES,copied,YES,copied
COPY,SRYSO-Student-Folders/2025-2-Spring/Rossini-William-Tell/William-Tell-VER-1-Viola.pdf,PDFs/Rossini/William-Tell/CURRENT/VA.pdf,VA,Viola,explicit,KEPT-LATEST:REV:1,YES,copied,YES,copied
COPY,SRYSO-Student-Folders/2025-2-Spring/Rossini-William-Tell/William-Tell-VER-1-Violin-2.pdf,PDFs/Rossini/William-Tell/CURRENT/VN-2.pdf,VN-2,Violin-2,explicit,KEPT-LATEST:REV:1,YES,copied,YES,copied
COPY,SRYSO-Student-Folders/2025-2-Spring/Rossini-William-Tell/William-Tell-VER-1-Violin-3.pdf,PDFs/Rossini/William-Tell/CURRENT/VN-3.pdf,VN-3,Violin-3,explicit,KEPT-LATEST:REV:1,YES,copied,YES,copied
COPY,SRYSO-Student-Folders/2025-2-Spring/Saint-Saens-Symph-3-Mvt-2/Saint-Saens-3-Mov-2-VER-1-Cello-1.pdf,PDFs/Saint-Saens/Symphony-3-Mvt-2/CURRENT/VC-1.pdf,VC-1,Cello-1,explicit,KEPT-LATEST:REV:1,YES,copied,YES,copied
COPY,SRYSO-Student-Folders/2025-2-Spring/Saint-Saens-Symph-3-Mvt-2/Saint-Saens-3-Mov-2-VER-1-Cello-2.pdf,PDFs/Saint-Saens/Symphony-3-Mvt-2/CURRENT/VC-2.pdf,VC-2,Cello-2,explicit,KEPT-LATEST:REV:1,YES,copied,YES,copied
COPY,SRYSO-Student-Folders/2025-2-Spring/Saint-Saens-Symph-3-Mvt-2/Saint-Saens-3-Mov-2-VER-1-Violin-1.pdf,PDFs/Saint-Saens/Symphony-3-Mvt-2/CURRENT/VN-1.pdf,VN-1,Violin 1,explicit,KEPT-LATEST:REV:1,YES,copied,YES,copied
COPY,SRYSO-Student-Folders/2025-2-Spring/Saint-Saens-Symph-3-Mvt-2/Saint-Saens-3-Mov-2-VER-1-Violin-2.pdf,PDFs/Saint-Saens/Symphony-3-Mvt-2/CURRENT/VN-2.pdf,VN-2,Violin 2,explicit,KEPT-LATEST:REV:1,YES,copied,YES,copied
SKIP,SRYSO-Student-Folders/2025-2-Spring/Saint-Saens-Symph-3-Mvt-2/Saint-Saens-3-Mov-2-VER-1.pdf,PDFs/Saint-Saens/Symphony-3-Mvt-2/CURRENT/SCORE.pdf,SCORE,,assumed-score,SKIPPED-OLDER-SEMESTER-OR-VERSION:REV:1; kept REV:2,NO,not a COPY row,NO,not a COPY row
COPY,SRYSO-Student-Folders/2025-2-Spring/Saint-Saens-Symph-3-Mvt-2/Violin-2-B-PARTS-HERE/Saint-Saens-3-Mov-2-VER-2.pdf,PDFs/Saint-Saens/Symphony-3-Mvt-2/CURRENT/SCORE.pdf,SCORE,,assumed-score,KEPT-LATEST:REV:2 | SELECTED-BEST-CANDIDATE,YES,copied,YES,copied
COPY,SRYSO-Student-Folders/2025-2-Spring/Saint-Saens-Symph-3-Mvt-2/Violin-2-B-PARTS-HERE/Saint-Saens-3-Mov-2-VER-2-Violin-2B.pdf,PDFs/Saint-Saens/Symphony-3-Mvt-2/CURRENT/VN-2B.pdf,VN-2B,Violin-2B,explicit,KEPT-LATEST:REV:2,YES,copied,YES,copied
COPY,SRYSO-Student-Folders/2025-2-Spring/Vivaldi-Cto-RV-522 (Chamber Group ONLY)/Vivaldi-Cto-2-Vlns-RV-522-BASS-LARGE.pdf,PDFs/Vivaldi/Concerto-RV-522/CURRENT/DB.pdf,DB,bass,explicit-anywhere,,YES,copied,YES,copied
COPY,SRYSO-Student-Folders/2025-2-Spring/Vivaldi-Cto-RV-522 (Chamber Group ONLY)/Vivaldi-Cto-2-Vlns-RV-522-Cello.pdf,PDFs/Vivaldi/Concerto-RV-522/CURRENT/VC.pdf,VC,Cello,explicit,,YES,copied,YES,copied
COPY,SRYSO-Student-Folders/2025-2-Spring/Vivaldi-Cto-RV-522 (Chamber Group ONLY)/Vivaldi-Cto-2-Vlns-RV-522-Solo-Vln-2.pdf,PDFs/Vivaldi/Concerto-RV-522/CURRENT/VN-2.pdf,VN-2,Vln-2,explicit,,YES,copied,YES,copied
SKIP,SRYSO-Student-Folders/2025-2-Spring/Vivaldi-Cto-RV-522 (Chamber Group ONLY)/Vivaldi-Cto-2-Vlns-RV-522-VIOLA-LARGE.pdf,PDFs/Vivaldi/Concerto-RV-522/CURRENT/VA.pdf,VA,viola,explicit-anywhere,SKIPPED-OLDER-SEMESTER-OR-VERSION:NO-VERSION; kept NO-VERSION,NO,not a COPY row,NO,not a COPY row
COPY,SRYSO-Student-Folders/2025-2-Spring/Vivaldi-Cto-RV-522 (Chamber Group ONLY)/Vivaldi-Cto-2-Vlns-RV-522-Viola.pdf,PDFs/Vivaldi/Concerto-RV-522/CURRENT/VA.pdf,VA,Viola,explicit,SELECTED-BEST-CANDIDATE,YES,copied,YES,copied
COPY,SRYSO-Student-Folders/2025-2-Spring/Vivaldi-Cto-RV-522 (Chamber Group ONLY)/Vivaldi-Cto-2-Vlns-RV-522-Violin-1.pdf,PDFs/Vivaldi/Concerto-RV-522/CURRENT/VN-1.pdf,VN-1,Violin 1,explicit,,YES,copied,YES,copied
COPY,SRYSO-Student-Folders/2025-2-Spring/Vivaldi-Cto-RV-522 (Chamber Group ONLY)/Vivaldi-Cto-2-Vlns-VER-2-RV-522.pdf,PDFs/Vivaldi/Concerto-RV-522/CURRENT/SCORE.pdf,SCORE,,assumed-score,KEPT-LATEST:REV:2,YES,copied,YES,copied
COPY,SRYSO-Student-Folders/2025-3-Fall/ALPHA_ 2025 Fall SRYSO/1812 Overture/1812-NEW-PARTS-10-29/1812-Tchaik-10-29-VIOLIN-3.pdf,PDFs/Tchaikovsky/1812-Overture/CURRENT/VN-3.pdf,VN-3,VIOLIN-3,explicit,KEPT-LATEST:DATE-MMDD:1029,YES,copied,YES,copied
COPY,SRYSO-Student-Folders/2025-3-Fall/ALPHA_ 2025 Fall SRYSO/Brandenburg-3-Bach/Brandenburg-3-[ver-1]-VIOLIN-2.pdf,PDFs/Bach/Brandenburg-3-Mvt-1/CURRENT/VN-2.pdf,VN-2,VIOLIN 2,explicit,KEPT-LATEST:REV:1,YES,copied,YES,copied
COPY,SRYSO-Student-Folders/2025-3-Fall/ALPHA_ 2025 Fall SRYSO/Mia & Sebastian_s Theme/Violin I Mia & Sebastian.pdf,PDFs/Hurwitz/Mia-and-Sebastian-Theme/CURRENT/VN-1.pdf,VN-1,Violin I,explicit,,YES,copied,YES,copied
COPY,SRYSO-Student-Folders/2025-3-Fall/OMEGA_ 2025 Fall SRYSO/Dvorak-Serenade-Waltz/Dvorak-Serenade-Waltz-CELLO.pdf,PDFs/Dvorak/Serenade-Waltz/CURRENT/VC.pdf,VC,CELLO,explicit,,YES,copied,YES,copied
COPY,SRYSO-Student-Folders/2025-3-Fall/OMEGA_ 2025 Fall SRYSO/Dvorak-Serenade-Waltz/Dvorak-Serenade-Waltz-SCORE.pdf,PDFs/Dvorak/Serenade-Waltz/CURRENT/SCORE.pdf,SCORE,SCORE,explicit,,YES,copied,YES,copied
COPY,SRYSO-Student-Folders/2025-3-Fall/OMEGA_ 2025 Fall SRYSO/Dvorak-Serenade-Waltz/Dvorak-Serenade-Waltz-VIOLA.pdf,PDFs/Dvorak/Serenade-Waltz/CURRENT/VA.pdf,VA,VIOLA,explicit,,YES,copied,YES,copied
COPY,SRYSO-Student-Folders/2025-3-Fall/OMEGA_ 2025 Fall SRYSO/Dvorak-Serenade-Waltz/Dvorak-Serenade-Waltz-VIOLIN-1.pdf,PDFs/Dvorak/Serenade-Waltz/CURRENT/VN-1.pdf,VN-1,VIOLIN 1,explicit,,YES,copied,YES,copied
COPY,SRYSO-Student-Folders/2025-3-Fall/OMEGA_ 2025 Fall SRYSO/Dvorak-Serenade-Waltz/Dvorak-Serenade-Waltz-VIOLIN-2.pdf,PDFs/Dvorak/Serenade-Waltz/CURRENT/VN-2.pdf,VN-2,VIOLIN 2,explicit,,YES,copied,YES,copied
COPY,SRYSO-Student-Folders/2025-3-Fall/OMEGA_ 2025 Fall SRYSO/Eroica/Eroica - Cello.pdf,PDFs/Beethoven/Eroica/CURRENT/VC.pdf,VC,Cello,explicit,,YES,copied,YES,copied
COPY,SRYSO-Student-Folders/2025-3-Fall/OMEGA_ 2025 Fall SRYSO/Eroica/Eroica - Full Score.pdf,PDFs/Beethoven/Eroica/CURRENT/SCORE.pdf,SCORE,Score,explicit,,YES,copied,YES,copied
COPY,SRYSO-Student-Folders/2025-3-Fall/OMEGA_ 2025 Fall SRYSO/Eroica/Eroica - Viola.pdf,PDFs/Beethoven/Eroica/CURRENT/VA.pdf,VA,Viola,explicit,,YES,copied,YES,copied
COPY,SRYSO-Student-Folders/2025-3-Fall/OMEGA_ 2025 Fall SRYSO/Holberg-Suite-Prelude/Holberg-Suite-Prelude-CELLO.pdf,PDFs/Grieg/Holberg-Suite-Prelude/CURRENT/VC.pdf,VC,CELLO,explicit,,YES,copied,YES,copied
COPY,SRYSO-Student-Folders/2025-3-Fall/OMEGA_ 2025 Fall SRYSO/Holberg-Suite-Prelude/Holberg-Suite-Prelude-VIOLIN-1.pdf,PDFs/Grieg/Holberg-Suite-Prelude/CURRENT/VN-1.pdf,VN-1,VIOLIN 1,explicit,,YES,copied,YES,copied
COPY,SRYSO-Student-Folders/2025-3-Fall/OMEGA_ 2025 Fall SRYSO/Holberg-Suite-Prelude/Holberg-Suite-Prelude-VIOLIN-2.pdf,PDFs/Grieg/Holberg-Suite-Prelude/CURRENT/VN-2.pdf,VN-2,VIOLIN 2,explicit,,YES,copied,YES,copied
COPY,SRYSO-Student-Folders/2025-3-Fall/OMEGA_ 2025 Fall SRYSO/Jingle Bells/Cellos - Jingle Bells - SRYSO.pdf,PDFs/Traditional/Jingle-Bells/CURRENT/VC.pdf,VC,Cellos,explicit,,YES,copied,YES,copied
COPY,SRYSO-Student-Folders/2025-3-Fall/OMEGA_ 2025 Fall SRYSO/Jingle Bells/Violas - Jingle Bells - SRYSO.pdf,PDFs/Traditional/Jingle-Bells/CURRENT/VA.pdf,VA,Violas,explicit,,YES,copied,YES,copied
COPY,SRYSO-Student-Folders/2025-3-Fall/OMEGA_ 2025 Fall SRYSO/Jingle Bells/Violins_1 - Jingle Bells - SRYSO.pdf,PDFs/Traditional/Jingle-Bells/CURRENT/VN-1.pdf,VN-1,Violins-1,explicit,,YES,copied,YES,copied
COPY,SRYSO-Student-Folders/2025-3-Fall/OMEGA_ 2025 Fall SRYSO/Jingle Bells/Violins_2 - Jingle Bells - SRYSO.pdf,PDFs/Traditional/Jingle-Bells/CURRENT/VN-2.pdf,VN-2,Violins_2,explicit,,YES,copied,YES,copied
COPY,SRYSO-Student-Folders/2025-3-Fall/OMEGA_ 2025 Fall SRYSO/The Crown/The Crown - Cello.pdf,PDFs/Balfe/The-Crown/CURRENT/VC.pdf,VC,Cello,explicit,,YES,copied,YES,copied
COPY,SRYSO-Student-Folders/2025-3-Fall/OMEGA_ 2025 Fall SRYSO/The Crown/The Crown - Conductor Score (Full Score).pdf,PDFs/Balfe/The-Crown/CURRENT/SCORE.pdf,SCORE,score,explicit-anywhere,,YES,copied,YES,copied
COPY,SRYSO-Student-Folders/2025-3-Fall/OMEGA_ 2025 Fall SRYSO/The Crown/The Crown - Viola.pdf,PDFs/Balfe/The-Crown/CURRENT/VA.pdf,VA,Viola,explicit,,YES,copied,YES,copied
COPY,SRYSO-Student-Folders/2025-3-Fall/OMEGA_ 2025 Fall SRYSO/The Crown/The Crown - Violin 2.pdf,PDFs/Balfe/The-Crown/CURRENT/VN-2.pdf,VN-2,Violin-2,explicit,,YES,copied,YES,copied
COPY,SRYSO-Student-Folders/2025-3-Fall/PRE-ORCHESTRA_ 2025 Fall SRYSO/Judas-Maccabaeus/Chorus-Judas-Maccabaeus-SCORE.pdf,PDFs/Handel/Judas-Maccabaeus/CURRENT/SCORE.pdf,SCORE,SCORE,explicit,,YES,copied,YES,copied
COPY,SRYSO-Student-Folders/2025-3-Fall/PRE-ORCHESTRA_ 2025 Fall SRYSO/Judas-Maccabaeus/Chorus-Judas-Maccabaeus-VIOLIN-1.pdf,PDFs/Handel/Judas-Maccabaeus/CURRENT/VN-1.pdf,VN-1,VIOLIN 1,explicit,,YES,copied,YES,copied
COPY,SRYSO-Student-Folders/2025-3-Fall/PRE-ORCHESTRA_ 2025 Fall SRYSO/Judas-Maccabaeus/Chorus-Judas-Maccabaeus-VIOLIN-2.pdf,PDFs/Handel/Judas-Maccabaeus/CURRENT/VN-2.pdf,VN-2,VIOLIN 2,explicit,,YES,copied,YES,copied
COPY,SRYSO-Student-Folders/2025-3-Fall/PRE-ORCHESTRA_ 2025 Fall SRYSO/Musette/Musette-SCORE.pdf,PDFs/Bach/Musette/CURRENT/SCORE.pdf,SCORE,SCORE,explicit,,YES,copied,YES,copied
SKIP,SRYSO-Student-Folders/2025-3-Fall/PRE-ORCHESTRA_ 2025 Fall SRYSO/Musette/Musette-VIOLIN-1.pdf,PDFs/Bach/Musette/CURRENT/VN-1.pdf,VN-1,VIOLIN-1,explicit,SKIPPED-OLDER-SEMESTER-OR-VERSION:NO-VERSION; kept NO-VERSION,NO,not a COPY row,NO,not a COPY row
COPY,SRYSO-Student-Folders/2026-1-Winter/PRE-ORCHESTRA/Musette/Musette-Violin-1.pdf,PDFs/Bach/Musette/CURRENT/VN-1.pdf,VN-1,Violin-1,explicit,SELECTED-BEST-CANDIDATE,YES,copied,YES,copied
COPY,SRYSO-Student-Folders/2025-3-Fall/PRE-ORCHESTRA_ 2025 Fall SRYSO/Musette/Musette-VIOLIN-2.pdf,PDFs/Bach/Musette/CURRENT/VN-2.pdf,VN-2,VIOLIN-2,explicit,,YES,copied,YES,copied
COPY,SRYSO-Student-Folders/2026-1-Winter/ALPHA_ 2026 Winter SRYSO/Jupiter-Hymn-Holst/Jupiter-Hymn-Ver-2-Cello.pdf,PDFs/Holst/Jupiter/CURRENT/VC.pdf,VC,Cello,explicit,KEPT-LATEST:REV:2,YES,copied,YES,copied
COPY,SRYSO-Student-Folders/2026-1-Winter/ALPHA_ 2026 Winter SRYSO/Jupiter-Hymn-Holst/Jupiter-Hymn-Ver-2-SCORE.pdf,PDFs/Holst/Jupiter/CURRENT/SCORE.pdf,SCORE,SCORE,explicit,KEPT-LATEST:REV:2,YES,copied,YES,copied
COPY,SRYSO-Student-Folders/2026-1-Winter/ALPHA_ 2026 Winter SRYSO/Jupiter-Hymn-Holst/Jupiter-Hymn-Ver-2-Viola.pdf,PDFs/Holst/Jupiter/CURRENT/VA.pdf,VA,Viola,explicit,KEPT-LATEST:REV:2,YES,copied,YES,copied
COPY,SRYSO-Student-Folders/2026-1-Winter/ALPHA_ 2026 Winter SRYSO/Jupiter-Hymn-Holst/Jupiter-Hymn-Ver-2-Violin-1.pdf,PDFs/Holst/Jupiter/CURRENT/VN-1.pdf,VN-1,Violin 1,explicit,KEPT-LATEST:REV:2,YES,copied,YES,copied
COPY,SRYSO-Student-Folders/2026-1-Winter/ALPHA_ 2026 Winter SRYSO/Jupiter-Hymn-Holst/Jupiter-Hymn-Ver-2-Violin-2.pdf,PDFs/Holst/Jupiter/CURRENT/VN-2.pdf,VN-2,Violin-2,explicit,KEPT-LATEST:REV:2,YES,copied,YES,copied
COPY,SRYSO-Student-Folders/2026-1-Winter/ALPHA_ 2026 Winter SRYSO/Swan-Lake-Tchaikovsky/Swan Lake - 2nd Violin.pdf,PDFs/Tchaikovsky/Swan-Lake/CURRENT/VN-2.pdf,VN-2,2nd Violin,explicit,,YES,copied,YES,copied
SKIP,SRYSO-Student-Folders/2026-1-Winter/ALPHA_ 2026 Winter SRYSO/Swan-Lake-Tchaikovsky/Swan Lake - 3rd Violin (Viola [TC]).pdf,PDFs/Tchaikovsky/Swan-Lake/CURRENT/VA.pdf,VA,viola,explicit-anywhere,SKIPPED-OLDER-SEMESTER-OR-VERSION:NO-VERSION; kept NO-VERSION,NO,not a COPY row,NO,not a COPY row
COPY,SRYSO-Student-Folders/2026-1-Winter/ALPHA_ 2026 Winter SRYSO/Swan-Lake-Tchaikovsky/Swan Lake - Viola.pdf,PDFs/Tchaikovsky/Swan-Lake/CURRENT/VA.pdf,VA,Viola,explicit,SELECTED-BEST-CANDIDATE,YES,copied,YES,copied
COPY,SRYSO-Student-Folders/2026-1-Winter/ALPHA_ 2026 Winter SRYSO/Swan-Lake-Tchaikovsky/Swan Lake - Cello.pdf,PDFs/Tchaikovsky/Swan-Lake/CURRENT/VC.pdf,VC,Cello,explicit,,YES,copied,YES,copied
COPY,SRYSO-Student-Folders/2026-1-Winter/ALPHA_ 2026 Winter SRYSO/Swan-Lake-Tchaikovsky/Swan Lake - Score.pdf,PDFs/Tchaikovsky/Swan-Lake/CURRENT/SCORE.pdf,SCORE,Score,explicit,,YES,copied,YES,copied
COPY,SRYSO-Student-Folders/2026-1-Winter/ALPHA_ 2026 Winter SRYSO/Swan-Lake-Tchaikovsky/Swan Lake - String Bass.pdf,PDFs/Tchaikovsky/Swan-Lake/CURRENT/DB.pdf,DB,Bass,explicit,,YES,copied,YES,copied
COPY,SRYSO-Student-Folders/2026-1-Winter/ALPHA_ 2026 Winter SRYSO/Wishing-Ffrench/Wishing-Ver-4-Vc-1.pdf,PDFs/Ffrench/Wishing/CURRENT/VC-1.pdf,VC-1,Vc-1,explicit,KEPT-LATEST:REV:4,YES,copied,YES,copied
COPY,SRYSO-Student-Folders/2026-1-Winter/OMEGA_ 2026 Winter SRYSO/Bartok-Romanian-Dances/BARTOK-VERSION-1/Bartok-Romanian-Dances-CELLO.pdf,PDFs/Bartok/Romanian-Dances/CURRENT/VC.pdf,VC,CELLO,explicit,,YES,copied,YES,copied
SKIP,SRYSO-Student-Folders/2026-1-Winter/OMEGA_ 2026 Winter SRYSO/Bartok-Romanian-Dances/BARTOK-VERSION-1/Bartok-Romanian-Dances-SCORE.pdf,PDFs/Bartok/Romanian-Dances/CURRENT/SCORE.pdf,SCORE,SCORE,explicit,SKIPPED-OLDER-SEMESTER-OR-VERSION:NO-VERSION; kept REV:2,NO,not a COPY row,NO,not a COPY row
COPY,SRYSO-Student-Folders/2026-1-Winter/OMEGA_ 2026 Winter SRYSO/Bartok-Romanian-Dances/BARTOK-VERSION-2/Bartok-Romanian-Dances-Ver-2-SCORE.pdf,PDFs/Bartok/Romanian-Dances/CURRENT/SCORE.pdf,SCORE,SCORE,explicit,KEPT-LATEST:REV:2 | SELECTED-BEST-CANDIDATE,YES,copied,YES,copied
SKIP,SRYSO-Student-Folders/2026-1-Winter/OMEGA_ 2026 Winter SRYSO/Bartok-Romanian-Dances/Jianni-Bowings-Bartok-1-4.pdf,PDFs/Bartok/Romanian-Dances/CURRENT/SCORE.pdf,SCORE,,assumed-score,SKIPPED-OLDER-SEMESTER-OR-VERSION:DATE-MMDD:0104; kept REV:2,NO,not a COPY row,NO,not a COPY row
SKIP,SRYSO-Student-Folders/2026-1-Winter/OMEGA_ 2026 Winter SRYSO/Bartok-Romanian-Dances/BARTOK-VERSION-1/Bartok-Romanian-Dances-VIOLA.pdf,PDFs/Bartok/Romanian-Dances/CURRENT/VA.pdf,VA,VIOLA,explicit,SKIPPED-OLDER-SEMESTER-OR-VERSION:NO-VERSION; kept REV:2,NO,not a COPY row,NO,not a COPY row
COPY,SRYSO-Student-Folders/2026-1-Winter/OMEGA_ 2026 Winter SRYSO/Bartok-Romanian-Dances/BARTOK-VERSION-2/Bartok-Romanian-Dances-Ver-2-VIOLA.pdf,PDFs/Bartok/Romanian-Dances/CURRENT/VA.pdf,VA,VIOLA,explicit,KEPT-LATEST:REV:2 | SELECTED-BEST-CANDIDATE,YES,copied,YES,copied
COPY,SRYSO-Student-Folders/2026-1-Winter/OMEGA_ 2026 Winter SRYSO/Bartok-Romanian-Dances/BARTOK-VERSION-1/Bartok-Romanian-Dances-VIOLIN-1.pdf,PDFs/Bartok/Romanian-Dances/CURRENT/VN-1.pdf,VN-1,VIOLIN 1,explicit,,YES,copied,YES,copied
SKIP,SRYSO-Student-Folders/2026-1-Winter/OMEGA_ 2026 Winter SRYSO/Bartok-Romanian-Dances/BARTOK-VERSION-1/Bartok-Romanian-Dances-VIOLIN-SOLO.pdf,PDFs/Bartok/Romanian-Dances/CURRENT/VN-1-SOLO.pdf,VN-1-SOLO,VIOLIN SOLO,explicit,SKIPPED-OLDER-SEMESTER-OR-VERSION:NO-VERSION; kept REV:2,NO,not a COPY row,NO,not a COPY row
COPY,SRYSO-Student-Folders/2026-1-Winter/OMEGA_ 2026 Winter SRYSO/Bartok-Romanian-Dances/BARTOK-VERSION-2/Bartok-Romanian-Dances-Ver-2-VIOLIN-SOLO.pdf,PDFs/Bartok/Romanian-Dances/CURRENT/VN-1-SOLO.pdf,VN-1-SOLO,VIOLIN SOLO,explicit,KEPT-LATEST:REV:2 | SELECTED-BEST-CANDIDATE,YES,copied,YES,copied
COPY,SRYSO-Student-Folders/2026-1-Winter/OMEGA_ 2026 Winter SRYSO/Bartok-Romanian-Dances/BARTOK-VERSION-2/Bartok-Romanian-Dances-Ver-2-VIOLIN-2.pdf,PDFs/Bartok/Romanian-Dances/CURRENT/VN-2.pdf,VN-2,VIOLIN 2,explicit,KEPT-LATEST:REV:2,YES,copied,YES,copied
SKIP,SRYSO-Student-Folders/2026-1-Winter/OMEGA_ 2026 Winter SRYSO/Howls-Moving-Castle/HOWL-VERSION-2/Howls-Moving-Castle-Ver-2-Cello.pdf,PDFs/Hisaishi/Howls-Moving-Castle/CURRENT/VC.pdf,VC,Cello,explicit,SKIPPED-OLDER-SEMESTER-OR-VERSION:REV:2; kept REV:3,NO,not a COPY row,NO,not a COPY row
COPY,SRYSO-Student-Folders/2026-1-Winter/OMEGA_ 2026 Winter SRYSO/Howls-Moving-Castle/Howls-Moving-Castle-Ver-3-Cello.pdf,PDFs/Hisaishi/Howls-Moving-Castle/CURRENT/VC.pdf,VC,Cello,explicit,KEPT-LATEST:REV:3 | SELECTED-BEST-CANDIDATE,YES,copied,YES,copied
SKIP,SRYSO-Student-Folders/2026-1-Winter/OMEGA_ 2026 Winter SRYSO/Howls-Moving-Castle/HOWL-VERSION-2/Howls-Moving-Castle-Ver-2-Violin-1.pdf,PDFs/Hisaishi/Howls-Moving-Castle/CURRENT/VN-1.pdf,VN-1,Violin 1,explicit,SKIPPED-OLDER-SEMESTER-OR-VERSION:REV:2; kept REV:3,NO,not a COPY row,NO,not a COPY row
COPY,SRYSO-Student-Folders/2026-1-Winter/OMEGA_ 2026 Winter SRYSO/Howls-Moving-Castle/Howls-Moving-Castle-Ver-3-Violin-1.pdf,PDFs/Hisaishi/Howls-Moving-Castle/CURRENT/VN-1.pdf,VN-1,Violin 1,explicit,KEPT-LATEST:REV:3 | SELECTED-BEST-CANDIDATE,YES,copied,YES,copied
SKIP,SRYSO-Student-Folders/2026-1-Winter/OMEGA_ 2026 Winter SRYSO/Howls-Moving-Castle/HOWL-VERSION-2/Howls-Moving-Castle-Ver-2-Violin-2.pdf,PDFs/Hisaishi/Howls-Moving-Castle/CURRENT/VN-2.pdf,VN-2,Violin-2,explicit,SKIPPED-OLDER-SEMESTER-OR-VERSION:REV:2; kept REV:3,NO,not a COPY row,NO,not a COPY row
COPY,SRYSO-Student-Folders/2026-1-Winter/OMEGA_ 2026 Winter SRYSO/Howls-Moving-Castle/Howls-Moving-Castle-Ver-3-Violin-2.pdf,PDFs/Hisaishi/Howls-Moving-Castle/CURRENT/VN-2.pdf,VN-2,Violin-2,explicit,KEPT-LATEST:REV:3 | SELECTED-BEST-CANDIDATE,YES,copied,YES,copied
COPY,SRYSO-Student-Folders/2026-1-Winter/OMEGA_ 2026 Winter SRYSO/Howls-Moving-Castle/Howls-Moving-Castle-Ver-3-SCORE.pdf,PDFs/Hisaishi/Howls-Moving-Castle/CURRENT/SCORE.pdf,SCORE,SCORE,explicit,KEPT-LATEST:REV:3,YES,copied,YES,copied
COPY,SRYSO-Student-Folders/2026-1-Winter/OMEGA_ 2026 Winter SRYSO/Howls-Moving-Castle/Howls-Moving-Castle-Ver-3-Viola.pdf,PDFs/Hisaishi/Howls-Moving-Castle/CURRENT/VA.pdf,VA,Viola,explicit,KEPT-LATEST:REV:3,YES,copied,YES,copied
COPY,SRYSO-Student-Folders/2026-1-Winter/OMEGA_ 2026 Winter SRYSO/Rachmaninoff-Prelude/Rachmaninoff-Prelude-CELLO.pdf,PDFs/Rachmaninoff/Prelude/CURRENT/VC.pdf,VC,CELLO,explicit,,YES,copied,YES,copied
COPY,SRYSO-Student-Folders/2026-1-Winter/OMEGA_ 2026 Winter SRYSO/Rachmaninoff-Prelude/Rachmaninoff-Prelude-SCORE.pdf,PDFs/Rachmaninoff/Prelude/CURRENT/SCORE.pdf,SCORE,SCORE,explicit,,YES,copied,YES,copied
COPY,SRYSO-Student-Folders/2026-1-Winter/OMEGA_ 2026 Winter SRYSO/Rachmaninoff-Prelude/Rachmaninoff-Prelude-VIOLA.pdf,PDFs/Rachmaninoff/Prelude/CURRENT/VA.pdf,VA,VIOLA,explicit,,YES,copied,YES,copied
COPY,SRYSO-Student-Folders/2026-1-Winter/OMEGA_ 2026 Winter SRYSO/Rachmaninoff-Prelude/Rachmaninoff-Prelude-VIOLIN-1.pdf,PDFs/Rachmaninoff/Prelude/CURRENT/VN-1.pdf,VN-1,VIOLIN-1,explicit,,YES,copied,YES,copied
COPY,SRYSO-Student-Folders/2026-1-Winter/PRE-ORCHESTRA/Musette/Musette-Piano.pdf,PDFs/Bach/Musette/CURRENT/PF.pdf,PF,Piano,explicit,,YES,copied,YES,copied
COPY,SRYSO-Student-Folders/2026-1-Winter/PRE-ORCHESTRA/Musette/Musette-Violins-2-4.pdf,PDFs/Bach/Musette/CURRENT/VN-2-4.pdf,VN-2-4,Violins_2_4,explicit,KEPT-LATEST:DATE-MMDD:0204,YES,copied,YES,copied
COPY,SRYSO-Student-Folders/2026-2-Spring/ALPHA_ 2026 Spring SRYSO/Eine-Kleine-Nachtmusik/Eine-Kleine-REV-5-Cello-1.pdf,PDFs/Mozart/Eine-Kleine-Nachtmusik/CURRENT/VC-1.pdf,VC-1,Cello-1,explicit,KEPT-LATEST:REV:5,YES,copied,YES,copied
COPY,SRYSO-Student-Folders/2026-2-Spring/ALPHA_ 2026 Spring SRYSO/Eine-Kleine-Nachtmusik/Eine-Kleine-REV-5-Cello-2.pdf,PDFs/Mozart/Eine-Kleine-Nachtmusik/CURRENT/VC-2.pdf,VC-2,Cello-2,explicit,KEPT-LATEST:REV:5,YES,copied,YES,copied
COPY,SRYSO-Student-Folders/2026-2-Spring/ALPHA_ 2026 Spring SRYSO/Eine-Kleine-Nachtmusik/Eine-Kleine-REV-5-SCORE.pdf,PDFs/Mozart/Eine-Kleine-Nachtmusik/CURRENT/SCORE.pdf,SCORE,SCORE,explicit,KEPT-LATEST:REV:5,YES,copied,YES,copied
COPY,SRYSO-Student-Folders/2026-2-Spring/ALPHA_ 2026 Spring SRYSO/Interstellar/Interstellar-Cello-1.pdf,PDFs/Zimmer/Interstellar/CURRENT/VC-1.pdf,VC-1,Cello-1,explicit,,YES,copied,YES,copied
COPY,SRYSO-Student-Folders/2026-2-Spring/ALPHA_ 2026 Spring SRYSO/Interstellar/Interstellar-Cello-2.pdf,PDFs/Zimmer/Interstellar/CURRENT/VC-2.pdf,VC-2,Cello-2,explicit,,YES,copied,YES,copied
COPY,SRYSO-Student-Folders/2026-2-Spring/ALPHA_ 2026 Spring SRYSO/Interstellar/Interstellar-FULL-SCORE.pdf,PDFs/Zimmer/Interstellar/CURRENT/SCORE.pdf,SCORE,SCORE,explicit,,YES,copied,YES,copied
COPY,SRYSO-Student-Folders/2026-2-Spring/ALPHA_ 2026 Spring SRYSO/Interstellar/Interstellar-Vibraphone-1.pdf,PDFs/Zimmer/Interstellar/CURRENT/VIB-1.pdf,VIB-1,Vibraphone-1,explicit,,YES,copied,YES,copied
COPY,SRYSO-Student-Folders/2026-2-Spring/ALPHA_ 2026 Spring SRYSO/Interstellar/Interstellar-Vibraphone-2.pdf,PDFs/Zimmer/Interstellar/CURRENT/VIB-2.pdf,VIB-2,Vibraphone-2,explicit,,YES,copied,YES,copied
COPY,SRYSO-Student-Folders/2026-2-Spring/ALPHA_ 2026 Spring SRYSO/Interstellar/Interstellar-Viola.pdf,PDFs/Zimmer/Interstellar/CURRENT/VA.pdf,VA,Viola,explicit,,YES,copied,YES,copied
COPY,SRYSO-Student-Folders/2026-2-Spring/ALPHA_ 2026 Spring SRYSO/Interstellar/Interstellar-Violin-1.pdf,PDFs/Zimmer/Interstellar/CURRENT/VN-1.pdf,VN-1,Violin-1,explicit,,YES,copied,YES,copied
COPY,SRYSO-Student-Folders/2026-2-Spring/ALPHA_ 2026 Spring SRYSO/Interstellar/Interstellar-Violin-2.pdf,PDFs/Zimmer/Interstellar/CURRENT/VN-2.pdf,VN-2,Violin-2,explicit,,YES,copied,YES,copied
COPY,SRYSO-Student-Folders/2026-2-Spring/ALPHA_ 2026 Spring SRYSO/Star-Wars-Main-Theme/Star-Wars-Ver-3-Cello-1.pdf,PDFs/Williams/Star-Wars-Main-Theme/CURRENT/VC-1.pdf,VC-1,Cello-1,explicit,KEPT-LATEST:REV:3,YES,copied,YES,copied
COPY,SRYSO-Student-Folders/2026-2-Spring/ALPHA_ 2026 Spring SRYSO/Star-Wars-Main-Theme/Star-Wars-Ver-3-Cello-2.pdf,PDFs/Williams/Star-Wars-Main-Theme/CURRENT/VC-2.pdf,VC-2,Cello-2,explicit,KEPT-LATEST:REV:3,YES,copied,YES,copied
COPY,SRYSO-Student-Folders/2026-2-Spring/ALPHA_ 2026 Spring SRYSO/Star-Wars-Main-Theme/Star-Wars-Ver-3-SCORE.pdf,PDFs/Williams/Star-Wars-Main-Theme/CURRENT/SCORE.pdf,SCORE,SCORE,explicit,KEPT-LATEST:REV:3,YES,copied,YES,copied
COPY,SRYSO-Student-Folders/2026-2-Spring/ALPHA_ 2026 Spring SRYSO/Star-Wars-Main-Theme/Star-Wars-Ver-3-Viola.pdf,PDFs/Williams/Star-Wars-Main-Theme/CURRENT/VA.pdf,VA,Viola,explicit,KEPT-LATEST:REV:3,YES,copied,YES,copied
COPY,SRYSO-Student-Folders/2026-2-Spring/ALPHA_ 2026 Spring SRYSO/Star-Wars-Main-Theme/Star-Wars-Ver-3-Violin-2.pdf,PDFs/Williams/Star-Wars-Main-Theme/CURRENT/VN-2.pdf,VN-2,Violin-2,explicit,KEPT-LATEST:REV:3,YES,copied,YES,copied
COPY,SRYSO-Student-Folders/2026-2-Spring/OMEGA_ 2026 Spring SRYSO/Brandenburg-3-Mvt-3/Brandenburg-3-Mvt-3-Rev-5-Cello.pdf,PDFs/Bach/Brandenburg-3-Mvt-3/CURRENT/VC.pdf,VC,Cello,explicit,KEPT-LATEST:REV:5,YES,copied,YES,copied
COPY,SRYSO-Student-Folders/2026-2-Spring/OMEGA_ 2026 Spring SRYSO/Brandenburg-3-Mvt-3/Brandenburg-3-Mvt-3-Rev-5-SCORE.pdf,PDFs/Bach/Brandenburg-3-Mvt-3/CURRENT/SCORE.pdf,SCORE,SCORE,explicit,KEPT-LATEST:REV:5,YES,copied,YES,copied
SKIP,SRYSO-Student-Folders/2026-2-Spring/OMEGA_ 2026 Spring SRYSO/Brandenburg-3-Mvt-3/Brandenburg-3-Mvt-3-Rev-5-Viola-1.pdf,PDFs/Bach/Brandenburg-3-Mvt-3/CURRENT/VA-1.pdf,VA-1,Viola-1,explicit,SKIPPED-OLDER-SEMESTER-OR-VERSION:REV:5; kept REV:6,NO,not a COPY row,NO,not a COPY row
COPY,SRYSO-Student-Folders/2026-2-Spring/OMEGA_ 2026 Spring SRYSO/Brandenburg-3-Mvt-3/Brandenburg-3-Mvt-3-Rev-6-Viola-1.pdf,PDFs/Bach/Brandenburg-3-Mvt-3/CURRENT/VA-1.pdf,VA-1,Viola-1,explicit,KEPT-LATEST:REV:6 | SELECTED-BEST-CANDIDATE,YES,copied,YES,copied
COPY,SRYSO-Student-Folders/2026-2-Spring/OMEGA_ 2026 Spring SRYSO/Brandenburg-3-Mvt-3/Brandenburg-3-Mvt-3-Rev-5-Viola-2.pdf,PDFs/Bach/Brandenburg-3-Mvt-3/CURRENT/VA-2.pdf,VA-2,Viola-2,explicit,KEPT-LATEST:REV:5,YES,copied,YES,copied
COPY,SRYSO-Student-Folders/2026-2-Spring/OMEGA_ 2026 Spring SRYSO/Brandenburg-3-Mvt-3/Brandenburg-3-Mvt-3-Rev-5-Viola-3.pdf,PDFs/Bach/Brandenburg-3-Mvt-3/CURRENT/VA-3.pdf,VA-3,Viola-3,explicit,KEPT-LATEST:REV:5,YES,copied,YES,copied
COPY,SRYSO-Student-Folders/2026-2-Spring/OMEGA_ 2026 Spring SRYSO/Brandenburg-3-Mvt-3/Brandenburg-3-Mvt-3-Rev-5-Violin-1.pdf,PDFs/Bach/Brandenburg-3-Mvt-3/CURRENT/VN-1.pdf,VN-1,Violin 1,explicit,KEPT-LATEST:REV:5,YES,copied,YES,copied
COPY,SRYSO-Student-Folders/2026-2-Spring/OMEGA_ 2026 Spring SRYSO/Brandenburg-3-Mvt-3/Brandenburg-3-Mvt-3-Rev-5-Violin-2.pdf,PDFs/Bach/Brandenburg-3-Mvt-3/CURRENT/VN-2.pdf,VN-2,Violin-2,explicit,KEPT-LATEST:REV:5,YES,copied,YES,copied
COPY,SRYSO-Student-Folders/2026-2-Spring/OMEGA_ 2026 Spring SRYSO/Kikis-Delivery-Service/Hisaishi-Kiki-VER-2-Cello.pdf,PDFs/Hisaishi/Kikis-Delivery-Service/CURRENT/VC.pdf,VC,Cello,explicit,KEPT-LATEST:REV:2,YES,copied,YES,copied
COPY,SRYSO-Student-Folders/2026-2-Spring/OMEGA_ 2026 Spring SRYSO/Kikis-Delivery-Service/Hisaishi-Kiki-VER-2-SCORE.pdf,PDFs/Hisaishi/Kikis-Delivery-Service/CURRENT/SCORE.pdf,SCORE,SCORE,explicit,KEPT-LATEST:REV:2,YES,copied,YES,copied
COPY,SRYSO-Student-Folders/2026-2-Spring/OMEGA_ 2026 Spring SRYSO/Kikis-Delivery-Service/Hisaishi-Kiki-VER-2-Viola.pdf,PDFs/Hisaishi/Kikis-Delivery-Service/CURRENT/VA.pdf,VA,Viola,explicit,KEPT-LATEST:REV:2,YES,copied,YES,copied
COPY,SRYSO-Student-Folders/2026-2-Spring/OMEGA_ 2026 Spring SRYSO/Kikis-Delivery-Service/Hisaishi-Kiki-VER-2-Violin-1.pdf,PDFs/Hisaishi/Kikis-Delivery-Service/CURRENT/VN-1.pdf,VN-1,Violin 1,explicit,KEPT-LATEST:REV:2,YES,copied,YES,copied
COPY,SRYSO-Student-Folders/2026-2-Spring/OMEGA_ 2026 Spring SRYSO/Kikis-Delivery-Service/Hisaishi-Kiki-VER-2-Violin-2.pdf,PDFs/Hisaishi/Kikis-Delivery-Service/CURRENT/VN-2.pdf,VN-2,Violin-2,explicit,KEPT-LATEST:REV:2,YES,copied,YES,copied
SKIP,SRYSO-Student-Folders/2026-2-Spring/OMEGA_ 2026 Spring SRYSO/Tchaikovsky-Andante/Tchai-Andante-Bass-(Cello-2).pdf,PDFs/Tchaikovsky/Andante-Cantabile/CURRENT/VC.pdf,VC,cello,explicit-anywhere,SKIPPED-OLDER-SEMESTER-OR-VERSION:NO-VERSION; kept NO-VERSION,NO,not a COPY row,NO,not a COPY row
COPY,SRYSO-Student-Folders/2026-2-Spring/OMEGA_ 2026 Spring SRYSO/Tchaikovsky-Andante/Tchai-Andante-Cello.pdf,PDFs/Tchaikovsky/Andante-Cantabile/CURRENT/VC.pdf,VC,Cello,explicit,SELECTED-BEST-CANDIDATE,YES,copied,YES,copied
COPY,SRYSO-Student-Folders/2026-2-Spring/OMEGA_ 2026 Spring SRYSO/Tchaikovsky-Andante/Tchai-Andante-Full-Score.pdf,PDFs/Tchaikovsky/Andante-Cantabile/CURRENT/SCORE.pdf,SCORE,Score,explicit,,YES,copied,YES,copied
COPY,SRYSO-Student-Folders/2026-2-Spring/OMEGA_ 2026 Spring SRYSO/Tchaikovsky-Andante/Tchai-Andante-Viola.pdf,PDFs/Tchaikovsky/Andante-Cantabile/CURRENT/VA.pdf,VA,Viola,explicit,,YES,copied,YES,copied
COPY,SRYSO-Student-Folders/2026-2-Spring/OMEGA_ 2026 Spring SRYSO/Tchaikovsky-Andante/Tchai-Andante-Violin-1.pdf,PDFs/Tchaikovsky/Andante-Cantabile/CURRENT/VN-1.pdf,VN-1,Violin-1,explicit,,YES,copied,YES,copied
COPY,SRYSO-Student-Folders/2026-2-Spring/OMEGA_ 2026 Spring SRYSO/Tchaikovsky-Andante/Tchai-Andante-Violin-2.pdf,PDFs/Tchaikovsky/Andante-Cantabile/CURRENT/VN-2.pdf,VN-2,Violin-2,explicit,,YES,copied,YES,copied
SKIP,SRYSO-Student-Folders/2023-3-Fall/Mia & Sebastian_s Theme/mia_sebastian_s_theme_arrangement.mscz,PDFs/Hurwitz/Mia-and-Sebastian-Theme/CURRENT/Hurwitz-Mia-and-Sebastian-Theme.mscz,MSCZ,,mscz,SKIPPED-OLDER-SEMESTER-OR-VERSION:NO-VERSION; kept NO-VERSION,NO,not a COPY row,NO,not a COPY row
COPY,SRYSO-Student-Folders/2025-3-Fall/ALPHA_ 2025 Fall SRYSO/Mia & Sebastian_s Theme/mia_sebastian_s_theme_arrangement.mscz,PDFs/Hurwitz/Mia-and-Sebastian-Theme/CURRENT/Hurwitz-Mia-and-Sebastian-Theme.mscz,MSCZ,,mscz,SELECTED-BEST-CANDIDATE,YES,copied,YES,copied
COPY,SRYSO-Student-Folders/2024-2-Spring/Bach - Air on the G String/Air-G-String-Rev-1.mscz,PDFs/Bach/Air-on-the-G-String/CURRENT/Bach-Air-on-the-G-String-REV-1.mscz,MSCZ,,mscz,KEPT-LATEST:REV:1,YES,copied,YES,copied
SKIP,SRYSO-Student-Folders/2024-2-Spring/Mozart -Eine Kleine Nachtmusik/Eine-Kleine-REV-2.mscz,PDFs/Mozart/Eine-Kleine-Nachtmusik/CURRENT/Mozart-Eine-Kleine-Nachtmusik-REV-2.mscz,MSCZ,,mscz,SKIPPED-OLDER-SEMESTER-OR-VERSION:REV:2; kept REV:5,NO,not a COPY row,NO,not a COPY row
COPY,SRYSO-Student-Folders/2026-2-Spring/ALPHA_ 2026 Spring SRYSO/Eine-Kleine-Nachtmusik/Eine-Kleine-REV-5.mscz,PDFs/Mozart/Eine-Kleine-Nachtmusik/CURRENT/Mozart-Eine-Kleine-Nachtmusik-REV-5.mscz,MSCZ,,mscz,KEPT-LATEST:REV:5 | SELECTED-BEST-CANDIDATE,YES,copied,YES,copied
COPY,SRYSO-Student-Folders/2024-2-Spring/Naruto - Sadness & Sorrow/Sadness-Sorrow-Rev-1.mscz,PDFs/Toshio-Masuda/Naruto-Sadness-and-Sorrow/CURRENT/Toshio-Masuda-Naruto-Sadness-and-Sorrow-REV-1.mscz,MSCZ,,mscz,KEPT-LATEST:REV:1,YES,copied,YES,copied
COPY,SRYSO-Student-Folders/2024-3-Fall/Finlandia/Finlandia-Ver-2.mscz,PDFs/Sibelius/Finlandia/CURRENT/Sibelius-Finlandia-REV-2.mscz,MSCZ,,mscz,KEPT-LATEST:REV:2,YES,copied,YES,copied
COPY,SRYSO-Student-Folders/2025-1-Winter/Jurassic-Park/Jurassic-Park-2024-12-26.mscz,PDFs/Williams/Jurassic-Park/CURRENT/Williams-Jurassic-Park.mscz,MSCZ,,mscz,KEPT-LATEST:DATE:20241226,YES,copied,YES,copied
COPY,SRYSO-Student-Folders/2025-1-Winter/Queen-of-Night-Mozart/Queen-Night-2024-12-26.mscz,PDFs/Mozart/Queen-of-the-Night/CURRENT/Mozart-Queen-of-the-Night.mscz,MSCZ,,mscz,KEPT-LATEST:DATE:20241226,YES,copied,YES,copied
COPY,SRYSO-Student-Folders/2025-1-Winter/Vivaldi-Cto-RV-565 (Chamber Group ONLY)/Vivaldi-565-2024-12-26.mscz,PDFs/Vivaldi/Concerto-RV-565/CURRENT/Vivaldi-Concerto-RV-565.mscz,MSCZ,,mscz,KEPT-LATEST:DATE:20241226,YES,copied,YES,copied
COPY,SRYSO-Student-Folders/2025-2-Spring/Djawadi-Game-Thrones/Violin-2-B-PARTS-HERE/Game-Thrones-VER-2.mscz,PDFs/Djawadi/Game-of-Thrones/CURRENT/Djawadi-Game-of-Thrones-REV-2.mscz,MSCZ,,mscz,KEPT-LATEST:REV:2,YES,copied,YES,copied
COPY,SRYSO-Student-Folders/2025-2-Spring/Rossini-William-Tell/Violin-2-B-PARTS-HERE/William-Tell-VER-2.mscz,PDFs/Rossini/William-Tell/CURRENT/Rossini-William-Tell-REV-2.mscz,MSCZ,,mscz,KEPT-LATEST:REV:2,YES,copied,YES,copied
COPY,SRYSO-Student-Folders/2025-2-Spring/Vivaldi-Cto-RV-522 (Chamber Group ONLY)/SOURCE-MATERIALS/Vivaldi-Cto-2-Vlns-RV-522.mscz,PDFs/Vivaldi/Concerto-RV-522/CURRENT/Vivaldi-Concerto-RV-522.mscz,MSCZ,,mscz,,YES,copied,YES,copied
COPY,SRYSO-Student-Folders/2026-1-Winter/ALPHA_ 2026 Winter SRYSO/Jupiter-Hymn-Holst/jupiter-hymn.mscz,PDFs/Holst/Jupiter/CURRENT/Holst-Jupiter.mscz,MSCZ,,mscz,,YES,copied,YES,copied
COPY,SRYSO-Student-Folders/2026-1-Winter/ALPHA_ 2026 Winter SRYSO/Wishing-Ffrench/Wishing-Ver-4.mscz,PDFs/Ffrench/Wishing/CURRENT/Ffrench-Wishing-REV-4.mscz,MSCZ,,mscz,KEPT-LATEST:REV:4,YES,copied,YES,copied
SKIP,SRYSO-Student-Folders/2026-1-Winter/OMEGA_ 2026 Winter SRYSO/Bartok-Romanian-Dances/BARTOK-VERSION-1/Bartok-Romanian-Dances.mscz,PDFs/Bartok/Romanian-Dances/CURRENT/Bartok-Romanian-Dances.mscz,MSCZ,,mscz,SKIPPED-OLDER-SEMESTER-OR-VERSION:NO-VERSION; kept REV:2,NO,not a COPY row,NO,not a COPY row
COPY,SRYSO-Student-Folders/2026-1-Winter/OMEGA_ 2026 Winter SRYSO/Bartok-Romanian-Dances/BARTOK-VERSION-2/Bartok-Romanian-Dances-Ver-2.mscz,PDFs/Bartok/Romanian-Dances/CURRENT/Bartok-Romanian-Dances-REV-2.mscz,MSCZ,,mscz,KEPT-LATEST:REV:2 | SELECTED-BEST-CANDIDATE,YES,copied,YES,copied
SKIP,SRYSO-Student-Folders/2026-1-Winter/OMEGA_ 2026 Winter SRYSO/Howls-Moving-Castle/HOWL-VERSION-2/Howls-Moving-Castle-Ver-2.mscz,PDFs/Hisaishi/Howls-Moving-Castle/CURRENT/Hisaishi-Howls-Moving-Castle-REV-2.mscz,MSCZ,,mscz,SKIPPED-OLDER-SEMESTER-OR-VERSION:REV:2; kept REV:3,NO,not a COPY row,NO,not a COPY row
COPY,SRYSO-Student-Folders/2026-1-Winter/OMEGA_ 2026 Winter SRYSO/Howls-Moving-Castle/Howls-Moving-Castle-Ver-3.mscz,PDFs/Hisaishi/Howls-Moving-Castle/CURRENT/Hisaishi-Howls-Moving-Castle-REV-3.mscz,MSCZ,,mscz,KEPT-LATEST:REV:3 | SELECTED-BEST-CANDIDATE,YES,copied,YES,copied
COPY,SRYSO-Student-Folders/2026-2-Spring/ALPHA_ 2026 Spring SRYSO/Star-Wars-Main-Theme/Star-Wars-Ver-3.mscz,PDFs/Williams/Star-Wars-Main-Theme/CURRENT/Williams-Star-Wars-Main-Theme-REV-3.mscz,MSCZ,,mscz,KEPT-LATEST:REV:3,YES,copied,YES,copied
COPY,SRYSO-Student-Folders/2026-2-Spring/OMEGA_ 2026 Spring SRYSO/Brandenburg-3-Mvt-3/Brandenburg-3-Mvt-3-Rev-5.mscz,PDFs/Bach/Brandenburg-3-Mvt-3/CURRENT/Bach-Brandenburg-3-Mvt-3-REV-5.mscz,MSCZ,,mscz,KEPT-LATEST:REV:5,YES,copied,YES,copied
